"Name","Ward","Address","住所","Notes","LocName","fX","fY","iConf","iLvl"
生麦小学校,鶴見区,生麦四丁目15番1号,神奈川県横浜市鶴見区生麦四丁目15番1号,被災した住民の避難生活の場所、情報受伝達、備蓄機能を備えた拠点です。,"神奈川県/横浜市/鶴見区/生麦/四丁目/１５番","139.67116","35.49545","5","7"
豊岡小学校,鶴見区,豊岡町27番地1,神奈川県横浜市鶴見区豊岡町27番地1,被災した住民の避難生活の場所、情報受伝達、備蓄機能を備えた拠点です。,"神奈川県/横浜市/鶴見区/豊岡町/２７番","139.67503","35.51264","5","7"
鶴見小学校,鶴見区,鶴見中央三丁目19番1号,神奈川県横浜市鶴見区鶴見中央三丁目19番1号,被災した住民の避難生活の場所、情報受伝達、備蓄機能を備えた拠点です。,"神奈川県/横浜市/鶴見区/鶴見中央/三丁目/１９番","139.68352","35.50918","5","7"
潮田小学校,鶴見区,向井町3丁目82番地1,神奈川県横浜市鶴見区向井町3丁目82番地1,被災した住民の避難生活の場所、情報受伝達、備蓄機能を備えた拠点です。,"神奈川県/横浜市/鶴見区/向井町/三丁目/８２番地","139.69000","35.50648","5","7"
下野谷小学校,鶴見区,下野谷町2丁目49番地,神奈川県横浜市鶴見区下野谷町2丁目49番地,被災した住民の避難生活の場所、情報受伝達、備蓄機能を備えた拠点です。,"神奈川県/横浜市/鶴見区/下野谷町/二丁目/４９番地","139.68161","35.50048","5","7"
市場小学校,鶴見区,元宮一丁目13番1号,神奈川県横浜市鶴見区元宮一丁目13番1号,被災した住民の避難生活の場所、情報受伝達、備蓄機能を備えた拠点です。,"神奈川県/横浜市/鶴見区/元宮/一丁目/１３番","139.68234","35.52245","5","7"
平安小学校,鶴見区,平安町2丁目9番地1,神奈川県横浜市鶴見区平安町2丁目9番地1,被災した住民の避難生活の場所、情報受伝達、備蓄機能を備えた拠点です。,"神奈川県/横浜市/鶴見区/平安町/二丁目/９番地","139.69203","35.51222","5","7"
末吉小学校,鶴見区,上末吉一丁目9番1号,神奈川県横浜市鶴見区上末吉一丁目9番1号,被災した住民の避難生活の場所、情報受伝達、備蓄機能を備えた拠点です。,"神奈川県/横浜市/鶴見区/上末吉/一丁目/９番","139.66948","35.52499","5","7"
上末吉小学校,鶴見区,上末吉五丁目24番1号,神奈川県横浜市鶴見区上末吉五丁目24番1号,被災した住民の避難生活の場所、情報受伝達、備蓄機能を備えた拠点です。,"神奈川県/横浜市/鶴見区/上末吉/五丁目/２４番","139.66220","35.53401","5","7"
下末吉小学校,鶴見区,下末吉二丁目25番6号,神奈川県横浜市鶴見区下末吉二丁目25番6号,被災した住民の避難生活の場所、情報受伝達、備蓄機能を備えた拠点です。,"神奈川県/横浜市/鶴見区/下末吉/二丁目/２５番","139.67519","35.52283","5","7"
旭小学校,鶴見区,北寺尾四丁目25番1号,神奈川県横浜市鶴見区北寺尾四丁目25番1号,被災した住民の避難生活の場所、情報受伝達、備蓄機能を備えた拠点です。,"神奈川県/横浜市/鶴見区/北寺尾/四丁目/２５番","139.65495","35.51600","5","7"
東台小学校,鶴見区,東寺尾東台12番地1,神奈川県横浜市鶴見区東寺尾東台12番地1,被災した住民の避難生活の場所、情報受伝達、備蓄機能を備えた拠点です。,"神奈川県/横浜市/鶴見区/東寺尾東台/１２番","139.66415","35.50352","5","7"
岸谷小学校,鶴見区,岸谷一丁目6番1号,神奈川県横浜市鶴見区岸谷一丁目6番1号,被災した住民の避難生活の場所、情報受伝達、備蓄機能を備えた拠点です。,"神奈川県/横浜市/鶴見区/岸谷/一丁目/６番","139.66211","35.49372","5","7"
矢向小学校,鶴見区,矢向三丁目8番1号,神奈川県横浜市鶴見区矢向三丁目8番1号,被災した住民の避難生活の場所、情報受伝達、備蓄機能を備えた拠点です。,"神奈川県/横浜市/鶴見区/矢向/三丁目/８番","139.67935","35.53324","5","7"
入船小学校,鶴見区,浜町1丁目1番地1,神奈川県横浜市鶴見区浜町1丁目1番地1,被災した住民の避難生活の場所、情報受伝達、備蓄機能を備えた拠点です。,"神奈川県/横浜市/鶴見区/浜町/一丁目/１番地","139.69287","35.50076","5","7"
寺尾小学校,鶴見区,東寺尾五丁目19番1号,神奈川県横浜市鶴見区東寺尾五丁目19番1号,被災した住民の避難生活の場所、情報受伝達、備蓄機能を備えた拠点です。,"神奈川県/横浜市/鶴見区/東寺尾/五丁目/１９番","139.65756","35.50397","5","7"
汐入小学校,鶴見区,汐入町2丁目36番地,神奈川県横浜市鶴見区汐入町2丁目36番地,被災した住民の避難生活の場所、情報受伝達、備蓄機能を備えた拠点です。,"神奈川県/横浜市/鶴見区/汐入町/二丁目/３６番地","139.68794","35.49882","5","7"
馬場小学校,鶴見区,馬場七丁目20番1号,神奈川県横浜市鶴見区馬場七丁目20番1号,被災した住民の避難生活の場所、情報受伝達、備蓄機能を備えた拠点です。,"神奈川県/横浜市/鶴見区/馬場/七丁目/２０番","139.64432","35.50979","5","7"
駒岡小学校,鶴見区,駒岡三丁目14番1号,神奈川県横浜市鶴見区駒岡三丁目14番1号,被災した住民の避難生活の場所、情報受伝達、備蓄機能を備えた拠点です。,"神奈川県/横浜市/鶴見区/駒岡/三丁目/１４番","139.65453","35.52838","5","7"
獅子ケ谷小学校,鶴見区,獅子ケ谷一丁目19番1号,神奈川県横浜市鶴見区獅子ケ谷一丁目19番1号,被災した住民の避難生活の場所、情報受伝達、備蓄機能を備えた拠点です。,"神奈川県/横浜市/鶴見区/獅子ケ谷/一丁目/１９番","139.65082","35.51702","5","7"
上寺尾小学校,鶴見区,馬場三丁目21番21号,神奈川県横浜市鶴見区馬場三丁目21番21号,被災した住民の避難生活の場所、情報受伝達、備蓄機能を備えた拠点です。,"神奈川県/横浜市/鶴見区/馬場/三丁目/２１番","139.65483","35.50761","5","7"
新鶴見小学校,鶴見区,江ケ崎町2番地1,神奈川県横浜市鶴見区江ケ崎町2番地1,被災した住民の避難生活の場所、情報受伝達、備蓄機能を備えた拠点です。,"神奈川県/横浜市/鶴見区/江ヶ崎町/２番","139.67642","35.53443","5","7"
市場中学校,鶴見区,市場下町1番地1,神奈川県横浜市鶴見区市場下町1番地1,被災した住民の避難生活の場所、情報受伝達、備蓄機能を備えた拠点です。,"神奈川県/横浜市/鶴見区/市場下町/１番","139.68365","35.51482","5","7"
矢向中学校,鶴見区,矢向一丁目8番24号,神奈川県横浜市鶴見区矢向一丁目8番24号,被災した住民の避難生活の場所、情報受伝達、備蓄機能を備えた拠点です。,"神奈川県/横浜市/鶴見区/矢向/一丁目/８番","139.67514","35.52898","5","7"
鶴見中学校,鶴見区,鶴見中央三丁目14番1号,神奈川県横浜市鶴見区鶴見中央三丁目14番1号,被災した住民の避難生活の場所、情報受伝達、備蓄機能を備えた拠点です。,"神奈川県/横浜市/鶴見区/鶴見中央/三丁目/１４番","139.68446","35.50974","5","7"
末吉中学校,鶴見区,下末吉六丁目13番1号,神奈川県横浜市鶴見区下末吉六丁目13番1号,被災した住民の避難生活の場所、情報受伝達、備蓄機能を備えた拠点です。,"神奈川県/横浜市/鶴見区/下末吉/六丁目/１３番","139.66420","35.52296","5","7"
寺尾中学校,鶴見区,北寺尾三丁目13番1号,神奈川県横浜市鶴見区北寺尾三丁目13番1号,被災した住民の避難生活の場所、情報受伝達、備蓄機能を備えた拠点です。,"神奈川県/横浜市/鶴見区/北寺尾/三丁目/１３番","139.65903","35.51992","5","7"
生麦中学校,鶴見区,岸谷二丁目1番1号,神奈川県横浜市鶴見区岸谷二丁目1番1号,被災した住民の避難生活の場所、情報受伝達、備蓄機能を備えた拠点です。,"神奈川県/横浜市/鶴見区/岸谷/二丁目/１番","139.65967","35.49357","5","7"
潮田中学校,鶴見区,向井町4丁目83番地,神奈川県横浜市鶴見区向井町4丁目83番地,被災した住民の避難生活の場所、情報受伝達、備蓄機能を備えた拠点です。,"神奈川県/横浜市/鶴見区/向井町/四丁目/８３番地","139.69174","35.50642","5","7"
寛政中学校,鶴見区,寛政町23番地1,神奈川県横浜市鶴見区寛政町23番地1,被災した住民の避難生活の場所、情報受伝達、備蓄機能を備えた拠点です。,"神奈川県/横浜市/鶴見区/寛政町/２３番","139.69933","35.50263","5","7"
上の宮中学校,鶴見区,上の宮一丁目26番33号,神奈川県横浜市鶴見区上の宮一丁目26番33号,被災した住民の避難生活の場所、情報受伝達、備蓄機能を備えた拠点です。,"神奈川県/横浜市/鶴見区/上の宮/一丁目/２６番","139.63918","35.51229","5","7"
三ツ沢小学校,神奈川区,三ッ沢中町4番地17,神奈川県横浜市神奈川区三ッ沢中町4番地17,被災した住民の避難生活の場所、情報受伝達、備蓄機能を備えた拠点です。,"神奈川県/横浜市/神奈川区/三ツ沢中町/４番","139.60857","35.47598","5","7"
青木小学校,神奈川区,桐畑17番地,神奈川県横浜市神奈川区桐畑17番地,被災した住民の避難生活の場所、情報受伝達、備蓄機能を備えた拠点です。,"神奈川県/横浜市/神奈川区/桐畑/１７番地","139.62589","35.47379","5","7"
二谷小学校,神奈川区,平川町11番地1,神奈川県横浜市神奈川区平川町11番地1,被災した住民の避難生活の場所、情報受伝達、備蓄機能を備えた拠点です。,"神奈川県/横浜市/神奈川区/平川町/１１番地","139.62900","35.48038","5","7"
幸ケ谷小学校,神奈川区,幸ケ谷1番地1,神奈川県横浜市神奈川区幸ケ谷1番地1,被災した住民の避難生活の場所、情報受伝達、備蓄機能を備えた拠点です。,"神奈川県/横浜市/神奈川区/幸ケ谷/１番地","139.63083","35.47170","5","7"
浦島小学校,神奈川区,浦島丘16番地,神奈川県横浜市神奈川区浦島丘16番地,被災した住民の避難生活の場所、情報受伝達、備蓄機能を備えた拠点です。,"神奈川県/横浜市/神奈川区/浦島丘/１６番地","139.63702","35.48424","5","7"
子安小学校,神奈川区,新子安一丁目24番1号,神奈川県横浜市神奈川区新子安一丁目24番1号,被災した住民の避難生活の場所、情報受伝達、備蓄機能を備えた拠点です。,"神奈川県/横浜市/神奈川区/新子安/一丁目/２４番","139.65294","35.48832","5","7"
白幡小学校,神奈川区,白幡上町11番地1,神奈川県横浜市神奈川区白幡上町11番地1,被災した住民の避難生活の場所、情報受伝達、備蓄機能を備えた拠点です。,"神奈川県/横浜市/神奈川区/白幡上町/１１番","139.63206","35.49167","5","7"
神橋小学校,神奈川区,六角橋二丁目34番19号,神奈川県横浜市神奈川区六角橋二丁目34番19号,被災した住民の避難生活の場所、情報受伝達、備蓄機能を備えた拠点です。,"神奈川県/横浜市/神奈川区/六角橋/二丁目/３４番","139.62090","35.48998","5","7"
池上小学校,神奈川区,菅田町1393番地,神奈川県横浜市神奈川区菅田町1393番地,被災した住民の避難生活の場所、情報受伝達、備蓄機能を備えた拠点です。,"神奈川県/横浜市/神奈川区/菅田町/１３９３番地","139.58633","35.49636","5","7"
西寺尾小学校,神奈川区,西寺尾二丁目5番1号,神奈川県横浜市神奈川区西寺尾二丁目5番1号,被災した住民の避難生活の場所、情報受伝達、備蓄機能を備えた拠点です。,"神奈川県/横浜市/神奈川区/西寺尾/二丁目/５番","139.64545","35.49760","5","7"
西寺尾第二小学校,神奈川区,西寺尾二丁目15番1号,神奈川県横浜市神奈川区西寺尾二丁目15番1号,被災した住民の避難生活の場所、情報受伝達、備蓄機能を備えた拠点です。,"神奈川県/横浜市/神奈川区/西寺尾/二丁目/１５番","139.64677","35.49924","5","7"
大口台小学校,神奈川区,大口仲町460番地,神奈川県横浜市神奈川区大口仲町460番地,被災した住民の避難生活の場所、情報受伝達、備蓄機能を備えた拠点です。,"神奈川県/横浜市/神奈川区/大口仲町/４６０番地","139.63718","35.49641","5","7"
斎藤分小学校,神奈川区,斎藤分町34番地1,神奈川県横浜市神奈川区斎藤分町34番地1,被災した住民の避難生活の場所、情報受伝達、備蓄機能を備えた拠点です。,"神奈川県/横浜市/神奈川区/斎藤分町/３４番","139.62340","35.48208","5","7"
神奈川小学校,神奈川区,東神奈川二丁目35番1号,神奈川県横浜市神奈川区東神奈川二丁目35番1号,被災した住民の避難生活の場所、情報受伝達、備蓄機能を備えた拠点です。,"神奈川県/横浜市/神奈川区/東神奈川/二丁目/３５番地","139.63589","35.47770","5","7"
神大寺小学校,神奈川区,神大寺三丁目34番1号,神奈川県横浜市神奈川区神大寺三丁目34番1号,被災した住民の避難生活の場所、情報受伝達、備蓄機能を備えた拠点です。,"神奈川県/横浜市/神奈川区/神大寺/三丁目/３４番","139.60913","35.48773","5","7"
中丸小学校,神奈川区,神大寺三丁目17番1号,神奈川県横浜市神奈川区神大寺三丁目17番1号,被災した住民の避難生活の場所、情報受伝達、備蓄機能を備えた拠点です。,"神奈川県/横浜市/神奈川区/神大寺/三丁目/１７番","139.60294","35.48201","5","7"
羽沢小学校,神奈川区,羽沢町935番地,神奈川県横浜市神奈川区羽沢町935番地,被災した住民の避難生活の場所、情報受伝達、備蓄機能を備えた拠点です。,"神奈川県/横浜市/神奈川区/羽沢町/９３５番地","139.58611","35.48757","5","7"
菅田小学校,神奈川区,菅田町674番地,神奈川県横浜市神奈川区菅田町674番地,被災した住民の避難生活の場所、情報受伝達、備蓄機能を備えた拠点です。,"神奈川県/横浜市/神奈川区/菅田町/６７４番地","139.57860","35.49727","5","7"
南神大寺小学校,神奈川区,神大寺二丁目9番16号,神奈川県横浜市神奈川区神大寺二丁目9番16号,被災した住民の避難生活の場所、情報受伝達、備蓄機能を備えた拠点です。,"神奈川県/横浜市/神奈川区/神大寺/二丁目/９番","139.61339","35.48487","5","7"
栗田谷中学校,神奈川区,栗田谷3番地1,神奈川県横浜市神奈川区栗田谷3番地1,被災した住民の避難生活の場所、情報受伝達、備蓄機能を備えた拠点です。,"神奈川県/横浜市/神奈川区/栗田谷/３番","139.62436","35.47723","5","7"
浦島丘中学校,神奈川区,白幡東町27番地1,神奈川県横浜市神奈川区白幡東町27番地1,被災した住民の避難生活の場所、情報受伝達、備蓄機能を備えた拠点です。,"神奈川県/横浜市/神奈川区/白幡東町/２７番","139.64134","35.48626","5","7"
錦台中学校,神奈川区,西寺尾三丁目10番1号,神奈川県横浜市神奈川区西寺尾三丁目10番1号,被災した住民の避難生活の場所、情報受伝達、備蓄機能を備えた拠点です。,"神奈川県/横浜市/神奈川区/西寺尾/三丁目/１０番","139.65092","35.49668","5","7"
東小学校,西区,東ケ丘59番地,神奈川県横浜市西区東ケ丘59番地,被災した住民の避難生活の場所、情報受伝達、備蓄機能を備えた拠点です。,"神奈川県/横浜市/西区/東ケ丘/５９番地","139.62338","35.44384","5","7"
稲荷台小学校,西区,藤棚町2丁目220番地,神奈川県横浜市西区藤棚町2丁目220番地,被災した住民の避難生活の場所、情報受伝達、備蓄機能を備えた拠点です。,"神奈川県/横浜市/西区/藤棚町/二丁目","139.61389","35.44828","5","6"
西前小学校,西区,中央二丁目27番7号,神奈川県横浜市西区中央二丁目27番7号,被災した住民の避難生活の場所、情報受伝達、備蓄機能を備えた拠点です。,"神奈川県/横浜市/西区/中央/二丁目/２７番","139.61555","35.45365","5","7"
平沼小学校,西区,平沼二丁目11番36号,神奈川県横浜市西区平沼二丁目11番36号,被災した住民の避難生活の場所、情報受伝達、備蓄機能を備えた拠点です。,"神奈川県/横浜市/西区/平沼/二丁目/１１番","139.61563","35.45760","5","7"
宮谷小学校,西区,宮ケ谷6番地7,神奈川県横浜市西区宮ケ谷6番地7,被災した住民の避難生活の場所、情報受伝達、備蓄機能を備えた拠点です。,"神奈川県/横浜市/西区/宮ケ谷/６番地","139.60912","35.46648","5","7"
戸部小学校,西区,伊勢町2丁目115番地,神奈川県横浜市西区伊勢町2丁目115番地,被災した住民の避難生活の場所、情報受伝達、備蓄機能を備えた拠点です。,"神奈川県/横浜市/西区/伊勢町/二丁目/１１５番地","139.62186","35.45279","5","7"
一本松小学校,西区,西戸部町1丁目115番地,神奈川県横浜市西区西戸部町1丁目115番地,被災した住民の避難生活の場所、情報受伝達、備蓄機能を備えた拠点です。,"神奈川県/横浜市/西区/西戸部町/一丁目/１１５番地","139.61969","35.44677","5","7"
浅間台小学校,西区,浅間町3丁目237番地,神奈川県横浜市西区浅間町3丁目237番地,被災した住民の避難生活の場所、情報受伝達、備蓄機能を備えた拠点です。,"神奈川県/横浜市/西区/浅間町/三丁目/２３７番地","139.60629","35.46186","5","7"
岡野中学校,西区,岡野二丁目14番1号,神奈川県横浜市西区岡野二丁目14番1号,被災した住民の避難生活の場所、情報受伝達、備蓄機能を備えた拠点です。,"神奈川県/横浜市/西区/岡野/二丁目/１４番","139.61174","35.46183","5","7"
西中学校,西区,西戸部町3丁目286番地,神奈川県横浜市西区西戸部町3丁目286番地,被災した住民の避難生活の場所、情報受伝達、備蓄機能を備えた拠点です。,"神奈川県/横浜市/西区/西戸部町/三丁目/２８６番地","139.61839","35.45230","5","7"
老松中学校,西区,老松町27番地,神奈川県横浜市西区老松町27番地,被災した住民の避難生活の場所、情報受伝達、備蓄機能を備えた拠点です。,"神奈川県/横浜市/西区/老松町/２７番地","139.62469","35.44742","5","7"
軽井沢中学校,西区,北軽井沢24番地,神奈川県横浜市西区北軽井沢24番地,被災した住民の避難生活の場所、情報受伝達、備蓄機能を備えた拠点です。,"神奈川県/横浜市/西区/北軽井沢/２４番地","139.60957","35.46899","5","7"
本町小学校,中区,花咲町3丁目86番地,神奈川県横浜市中区花咲町3丁目86番地,被災した住民の避難生活の場所、情報受伝達、備蓄機能を備えた拠点です。,"神奈川県/横浜市/中区/花咲町/三丁目/８６番地","139.62863","35.45060","5","7"
山元小学校,中区,山元町3丁目152番地,神奈川県横浜市中区山元町3丁目152番地,被災した住民の避難生活の場所、情報受伝達、備蓄機能を備えた拠点です。,"神奈川県/横浜市/中区/山元町/三丁目/１５２番地","139.63814","35.42783","5","7"
元街小学校,中区,山手町36番地,神奈川県横浜市中区山手町36番地,被災した住民の避難生活の場所、情報受伝達、備蓄機能を備えた拠点です。,"神奈川県/横浜市/中区/山手町/３６番地","139.64815","35.43645","5","7"
北方小学校,中区,諏訪町29番地,神奈川県横浜市中区諏訪町29番地,被災した住民の避難生活の場所、情報受伝達、備蓄機能を備えた拠点です。,"神奈川県/横浜市/中区/諏訪町/２９番地","139.65378","35.43651","5","7"
大鳥小学校,中区,本牧町1丁目251番地,神奈川県横浜市中区本牧町1丁目251番地,被災した住民の避難生活の場所、情報受伝達、備蓄機能を備えた拠点です。,"神奈川県/横浜市/中区/本牧町/一丁目/２５１番地","139.65663","35.42722","5","7"
間門小学校,中区,本牧間門29番地1,神奈川県横浜市中区本牧間門29番地1,被災した住民の避難生活の場所、情報受伝達、備蓄機能を備えた拠点です。,"神奈川県/横浜市/中区/本牧間門/２９番","139.65544","35.41759","5","7"
立野小学校,中区,立野76番地,神奈川県横浜市中区立野76番地,被災した住民の避難生活の場所、情報受伝達、備蓄機能を備えた拠点です。,"神奈川県/横浜市/中区/立野/７６番地","139.64546","35.42728","5","7"
本牧南小学校,中区,本牧元町44番地1,神奈川県横浜市中区本牧元町44番地1,被災した住民の避難生活の場所、情報受伝達、備蓄機能を備えた拠点です。,"神奈川県/横浜市/中区/本牧元町/４４番","139.66853","35.41635","5","7"
本牧小学校,中区,本牧和田5番地1,神奈川県横浜市中区本牧和田5番地1,被災した住民の避難生活の場所、情報受伝達、備蓄機能を備えた拠点です。,"神奈川県/横浜市/中区/本牧和田/５番","139.66229","35.42454","5","7"
横浜吉田中学校,中区,羽衣町3丁目84番地,神奈川県横浜市中区羽衣町3丁目84番地,被災した住民の避難生活の場所、情報受伝達、備蓄機能を備えた拠点です。,"神奈川県/横浜市/中区/羽衣町/三丁目/８４番地","139.63289","35.44277","5","7"
港中学校,中区,山下町241番地,神奈川県横浜市中区山下町241番地,被災した住民の避難生活の場所、情報受伝達、備蓄機能を備えた拠点です。,"神奈川県/横浜市/中区/山下町/２４１番地","139.64308","35.44127","5","7"
仲尾台中学校,中区,仲尾台23番地,神奈川県横浜市中区仲尾台23番地,被災した住民の避難生活の場所、情報受伝達、備蓄機能を備えた拠点です。,"神奈川県/横浜市/中区/仲尾台/２３番地","139.64534","35.42563","5","7"
みなと総合高等学校,中区,山下町231番地,神奈川県横浜市中区山下町231番地,被災した住民の避難生活の場所、情報受伝達、備蓄機能を備えた拠点です。,"神奈川県/横浜市/中区/山下町/２３１番地","139.64230","35.44169","5","7"
南吉田小学校,南区,高根町2丁目14番地,神奈川県横浜市南区高根町2丁目14番地,被災した住民の避難生活の場所、情報受伝達、備蓄機能を備えた拠点です。,"神奈川県/横浜市/南区/高根町/二丁目/１４番地","139.62650","35.43660","5","7"
石川小学校,南区,中村町1丁目66番地,神奈川県横浜市南区中村町1丁目66番地,被災した住民の避難生活の場所、情報受伝達、備蓄機能を備えた拠点です。,"神奈川県/横浜市/南区/中村町/一丁目/６６番地","139.63492","35.43407","5","7"
中村小学校,南区,中村町4丁目269番地1,神奈川県横浜市南区中村町4丁目269番地1,被災した住民の避難生活の場所、情報受伝達、備蓄機能を備えた拠点です。,"神奈川県/横浜市/南区/中村町/四丁目/２６９番地","139.62610","35.43253","5","7"
日枝小学校,南区,山王町5丁目31番地,神奈川県横浜市南区山王町5丁目31番地,被災した住民の避難生活の場所、情報受伝達、備蓄機能を備えた拠点です。,"神奈川県/横浜市/南区/山王町/五丁目/３１番地","139.61662","35.43556","5","7"
蒔田小学校,南区,蒔田町1020番地,神奈川県横浜市南区蒔田町1020番地,被災した住民の避難生活の場所、情報受伝達、備蓄機能を備えた拠点です。,"神奈川県/横浜市/南区/蒔田町","139.61134","35.42627","5","5"
大岡小学校,南区,大橋町3丁目49番地,神奈川県横浜市南区大橋町3丁目49番地,被災した住民の避難生活の場所、情報受伝達、備蓄機能を備えた拠点です。,"神奈川県/横浜市/南区/大橋町/三丁目/４９番地","139.60085","35.42586","5","7"
井土ケ谷小学校,南区,井土ケ谷上町2番地1,神奈川県横浜市南区井土ケ谷上町2番地1,被災した住民の避難生活の場所、情報受伝達、備蓄機能を備えた拠点です。,"神奈川県/横浜市/南区/井土ケ谷上町/２番","139.59984","35.43300","5","7"
永田小学校,南区,永田北二丁目6番12号,神奈川県横浜市南区永田北二丁目6番12号,被災した住民の避難生活の場所、情報受伝達、備蓄機能を備えた拠点です。,"神奈川県/横浜市/南区/永田北/二丁目/６番","139.59157","35.43525","5","7"
南太田小学校,南区,南太田一丁目17番1号,神奈川県横浜市南区南太田一丁目17番1号,被災した住民の避難生活の場所、情報受伝達、備蓄機能を備えた拠点です。,"神奈川県/横浜市/南区/南太田/一丁目/１７番","139.61137","35.43517","5","7"
太田小学校,南区,三春台42番地,神奈川県横浜市南区三春台42番地,被災した住民の避難生活の場所、情報受伝達、備蓄機能を備えた拠点です。,"神奈川県/横浜市/南区/三春台/４２番地","139.61720","35.44106","5","7"
南小学校,南区,中里一丁目6番16号,神奈川県横浜市南区中里一丁目6番16号,被災した住民の避難生活の場所、情報受伝達、備蓄機能を備えた拠点です。,"神奈川県/横浜市/南区/中里/一丁目/６番","139.59908","35.41897","5","7"
六つ川小学校,南区,六ツ川三丁目4番12号,神奈川県横浜市南区六ツ川三丁目4番12号,被災した住民の避難生活の場所、情報受伝達、備蓄機能を備えた拠点です。,"神奈川県/横浜市/南区/六ツ川/三丁目/４番地","139.58339","35.42847","5","7"
藤の木小学校,南区,大岡四丁目10番1号,神奈川県横浜市南区大岡四丁目10番1号,被災した住民の避難生活の場所、情報受伝達、備蓄機能を備えた拠点です。,"神奈川県/横浜市/南区/大岡/四丁目/１０番","139.60480","35.41230","5","7"
永田台小学校,南区,永田みなみ台6番地1,神奈川県横浜市南区永田みなみ台6番地1,被災した住民の避難生活の場所、情報受伝達、備蓄機能を備えた拠点です。,"神奈川県/横浜市/南区/永田みなみ台/６番","139.58913","35.43280","5","7"
六つ川台小学校,南区,六ツ川三丁目65番9号,神奈川県横浜市南区六ツ川三丁目65番9号,被災した住民の避難生活の場所、情報受伝達、備蓄機能を備えた拠点です。,"神奈川県/横浜市/南区/六ツ川/三丁目/６５番地","139.58104","35.42865","5","7"
別所小学校,南区,別所六丁目3番1号,神奈川県横浜市南区別所六丁目3番1号,被災した住民の避難生活の場所、情報受伝達、備蓄機能を備えた拠点です。,"神奈川県/横浜市/南区/別所/六丁目/３番","139.58208","35.41727","5","7"
六つ川西小学校,南区,六ツ川二丁目156番1号,神奈川県横浜市南区六ツ川二丁目156番1号,被災した住民の避難生活の場所、情報受伝達、備蓄機能を備えた拠点です。,"神奈川県/横浜市/南区/六ツ川/二丁目/１５６番地","139.57828","35.42404","5","7"
平楽中学校,南区,平楽1番地,神奈川県横浜市南区平楽1番地,被災した住民の避難生活の場所、情報受伝達、備蓄機能を備えた拠点です。,"神奈川県/横浜市/南区/平楽/１番地","139.63364","35.43129","5","7"
共進中学校,南区,東蒔田町1番地5,神奈川県横浜市南区東蒔田町1番地5,被災した住民の避難生活の場所、情報受伝達、備蓄機能を備えた拠点です。,"神奈川県/横浜市/南区/東蒔田町/１番地","139.61684","35.43284","5","7"
南中学校,南区,六ツ川一丁目14番,神奈川県横浜市南区六ツ川一丁目14番,被災した住民の避難生活の場所、情報受伝達、備蓄機能を備えた拠点です。,"神奈川県/横浜市/南区/六ツ川/一丁目/１４番地","139.59773","35.42657","5","7"
蒔田中学校,南区,花之木町2番地45,神奈川県横浜市南区花之木町2番地45,被災した住民の避難生活の場所、情報受伝達、備蓄機能を備えた拠点です。,"神奈川県/横浜市/南区/花之木町/二丁目","139.61055","35.43276","5","6"
六ツ川中学校,南区,六ツ川三丁目81番11号,神奈川県横浜市南区六ツ川三丁目81番11号,被災した住民の避難生活の場所、情報受伝達、備蓄機能を備えた拠点です。,"神奈川県/横浜市/南区/六ツ川/三丁目/８１番地","139.57831","35.42918","5","7"
南が丘中学校,南区,別所三丁目6番1号,神奈川県横浜市南区別所三丁目6番1号,被災した住民の避難生活の場所、情報受伝達、備蓄機能を備えた拠点です。,"神奈川県/横浜市/南区/別所/三丁目/６番","139.59073","35.41373","5","7"
永田中学校,南区,永田みなみ台7番地1,神奈川県横浜市南区永田みなみ台7番地1,被災した住民の避難生活の場所、情報受伝達、備蓄機能を備えた拠点です。,"神奈川県/横浜市/南区/永田みなみ台/７番","139.58774","35.43375","5","7"
藤の木中学校,南区,大岡四丁目44番1号,神奈川県横浜市南区大岡四丁目44番1号,被災した住民の避難生活の場所、情報受伝達、備蓄機能を備えた拠点です。,"神奈川県/横浜市/南区/大岡/四丁目/４４番","139.60603","35.41087","5","7"
日野小学校,港南区,日野七丁目11番1号,神奈川県横浜市港南区日野七丁目11番1号,被災した住民の避難生活の場所、情報受伝達、備蓄機能を備えた拠点です。,"神奈川県/横浜市/港南区/日野/七丁目/１１番","139.57974","35.38727","5","7"
永野小学校,港南区,上永谷二丁目21番10号,神奈川県横浜市港南区上永谷二丁目21番10号,被災した住民の避難生活の場所、情報受伝達、備蓄機能を備えた拠点です。,"神奈川県/横浜市/港南区/上永谷/二丁目/２１番","139.57028","35.40566","5","7"
日下小学校,港南区,笹下三丁目9番1号,神奈川県横浜市港南区笹下三丁目9番1号,被災した住民の避難生活の場所、情報受伝達、備蓄機能を備えた拠点です。,"神奈川県/横浜市/港南区/笹下/三丁目/９番","139.60164","35.39038","5","7"
桜岡小学校,港南区,大久保一丁目6番43号,神奈川県横浜市港南区大久保一丁目6番43号,被災した住民の避難生活の場所、情報受伝達、備蓄機能を備えた拠点です。,"神奈川県/横浜市/港南区/大久保/一丁目/６番","139.59369","35.41216","5","7"
南台小学校,港南区,港南五丁目6番1号,神奈川県横浜市港南区港南五丁目6番1号,被災した住民の避難生活の場所、情報受伝達、備蓄機能を備えた拠点です。,"神奈川県/横浜市/港南区/港南/五丁目/６番","139.59219","35.39737","5","7"
芹が谷小学校,港南区,芹が谷三丁目32番1号,神奈川県横浜市港南区芹が谷三丁目32番1号,被災した住民の避難生活の場所、情報受伝達、備蓄機能を備えた拠点です。,"神奈川県/横浜市/港南区/芹が谷/三丁目/３２番","139.57390","35.41523","5","7"
吉原小学校,港南区,日野二丁目20番40号,神奈川県横浜市港南区日野二丁目20番40号,被災した住民の避難生活の場所、情報受伝達、備蓄機能を備えた拠点です。,"神奈川県/横浜市/港南区/日野/二丁目/２０番","139.58366","35.39709","5","7"
下永谷小学校,港南区,東永谷一丁目36番1号,神奈川県横浜市港南区東永谷一丁目36番1号,被災した住民の避難生活の場所、情報受伝達、備蓄機能を備えた拠点です。,"神奈川県/横浜市/港南区/東永谷/一丁目/３６番","139.58145","35.40845","5","7"
上大岡小学校,港南区,上大岡東三丁目11番1号,神奈川県横浜市港南区上大岡東三丁目11番1号,被災した住民の避難生活の場所、情報受伝達、備蓄機能を備えた拠点です。,"神奈川県/横浜市/港南区/上大岡東/三丁目/１１番","139.60425","35.40419","5","7"
芹が谷南小学校,港南区,芹が谷四丁目22番1号,神奈川県横浜市港南区芹が谷四丁目22番1号,被災した住民の避難生活の場所、情報受伝達、備蓄機能を備えた拠点です。,"神奈川県/横浜市/港南区/芹が谷/四丁目/２２番","139.57129","35.41246","5","7"
日限山小学校,港南区,日限山二丁目16番1号,神奈川県横浜市港南区日限山二丁目16番1号,被災した住民の避難生活の場所、情報受伝達、備蓄機能を備えた拠点です。,"神奈川県/横浜市/港南区/日限山/二丁目/１６番","139.55988","35.39383","5","7"
港南台第一小学校,港南区,港南台六丁目7番1号,神奈川県横浜市港南区港南台六丁目7番1号,被災した住民の避難生活の場所、情報受伝達、備蓄機能を備えた拠点です。,"神奈川県/横浜市/港南区/港南台/六丁目/７番","139.58733","35.37044","5","7"
日野南小学校,港南区,日野南六丁目35番1号,神奈川県横浜市港南区日野南六丁目35番1号,被災した住民の避難生活の場所、情報受伝達、備蓄機能を備えた拠点です。,"神奈川県/横浜市/港南区/日野南/六丁目/３５番","139.56206","35.37490","5","7"
下野庭小学校,港南区,野庭町602番地,神奈川県横浜市港南区野庭町602番地,被災した住民の避難生活の場所、情報受伝達、備蓄機能を備えた拠点です。,"神奈川県/横浜市/港南区/野庭町/６０２番地","139.57234","35.39257","5","7"
相武山小学校,港南区,上永谷一丁目7番5号,神奈川県横浜市港南区上永谷一丁目7番5号,被災した住民の避難生活の場所、情報受伝達、備蓄機能を備えた拠点です。,"神奈川県/横浜市/港南区/上永谷/一丁目/７番","139.58060","35.40250","5","7"
永谷小学校,港南区,下永谷五丁目48番15号,神奈川県横浜市港南区下永谷五丁目48番15号,被災した住民の避難生活の場所、情報受伝達、備蓄機能を備えた拠点です。,"神奈川県/横浜市/港南区/下永谷/五丁目/４８番","139.55931","35.41171","5","7"
港南台第二小学校,港南区,港南台五丁目4番1号,神奈川県横浜市港南区港南台五丁目4番1号,被災した住民の避難生活の場所、情報受伝達、備蓄機能を備えた拠点です。,"神奈川県/横浜市/港南区/港南台/五丁目/４番","139.57896","35.37199","5","7"
港南台第三小学校,港南区,港南台二丁目14番1号,神奈川県横浜市港南区港南台二丁目14番1号,被災した住民の避難生活の場所、情報受伝達、備蓄機能を備えた拠点です。,"神奈川県/横浜市/港南区/港南台/二丁目/１４番","139.58266","35.37901","5","7"
丸山台小学校,港南区,丸山台三丁目8番1号,神奈川県横浜市港南区丸山台三丁目8番1号,被災した住民の避難生活の場所、情報受伝達、備蓄機能を備えた拠点です。,"神奈川県/横浜市/港南区/丸山台/三丁目/８番","139.56857","35.40103","5","7"
野庭すずかけ小学校,港南区,野庭町346番地2,神奈川県横浜市港南区野庭町346番地2,被災した住民の避難生活の場所、情報受伝達、備蓄機能を備えた拠点です。,"神奈川県/横浜市/港南区/野庭町/３４６番地","139.57500","35.38791","5","7"
小坪小学校,港南区,港南台四丁目11番1号,神奈川県横浜市港南区港南台四丁目11番1号,被災した住民の避難生活の場所、情報受伝達、備蓄機能を備えた拠点です。,"神奈川県/横浜市/港南区/港南台/四丁目/１１番","139.57405","35.37606","5","7"
上永谷中学校,港南区,上永谷四丁目12番14号,神奈川県横浜市港南区上永谷四丁目12番14号,被災した住民の避難生活の場所、情報受伝達、備蓄機能を備えた拠点です。,"神奈川県/横浜市/港南区/上永谷/四丁目/１２番","139.56900","35.41002","5","7"
港南中学校,港南区,港南中央通6番地1,神奈川県横浜市港南区港南中央通6番地1,被災した住民の避難生活の場所、情報受伝達、備蓄機能を備えた拠点です。,"神奈川県/横浜市/港南区/港南中央通/６番","139.59079","35.40174","5","7"
笹下中学校,港南区,港南五丁目8番1号,神奈川県横浜市港南区港南五丁目8番1号,被災した住民の避難生活の場所、情報受伝達、備蓄機能を備えた拠点です。,"神奈川県/横浜市/港南区/港南/五丁目/８番","139.59312","35.39679","5","7"
野庭中学校,港南区,野庭町630番地,神奈川県横浜市港南区野庭町630番地,被災した住民の避難生活の場所、情報受伝達、備蓄機能を備えた拠点です。,"神奈川県/横浜市/港南区/野庭町/６３０番地","139.57057","35.38668","5","7"
港南台第一中学校,港南区,港南台六丁目6番1号,神奈川県横浜市港南区港南台六丁目6番1号,被災した住民の避難生活の場所、情報受伝達、備蓄機能を備えた拠点です。,"神奈川県/横浜市/港南区/港南台/六丁目/６番","139.58658","35.37140","5","7"
芹が谷中学校,港南区,芹が谷二丁目7番1号,神奈川県横浜市港南区芹が谷二丁目7番1号,被災した住民の避難生活の場所、情報受伝達、備蓄機能を備えた拠点です。,"神奈川県/横浜市/港南区/芹が谷/二丁目/７番","139.57434","35.41742","5","7"
日限山中学校,港南区,日限山四丁目33番1号,神奈川県横浜市港南区日限山四丁目33番1号,被災した住民の避難生活の場所、情報受伝達、備蓄機能を備えた拠点です。,"神奈川県/横浜市/港南区/日限山/四丁目/３３番","139.55692","35.38659","5","7"
日野南中学校,港南区,港南台四丁目37番1号,神奈川県横浜市港南区港南台四丁目37番1号,被災した住民の避難生活の場所、情報受伝達、備蓄機能を備えた拠点です。,"神奈川県/横浜市/港南区/港南台/四丁目/３７番","139.56854","35.37551","5","7"
丸山台中学校,港南区,丸山台四丁目1番1号,神奈川県横浜市港南区丸山台四丁目1番1号,被災した住民の避難生活の場所、情報受伝達、備蓄機能を備えた拠点です。,"神奈川県/横浜市/港南区/丸山台/四丁目/１番","139.56477","35.39505","5","7"
東永谷中学校,港南区,東永谷二丁目14番7号,神奈川県横浜市港南区東永谷二丁目14番7号,被災した住民の避難生活の場所、情報受伝達、備蓄機能を備えた拠点です。,"神奈川県/横浜市/港南区/東永谷/二丁目/１４番","139.57831","35.40662","5","7"
富士見台小学校,保土ケ谷区,岩井町307番地,神奈川県横浜市保土ケ谷区岩井町307番地,被災した住民の避難生活の場所、情報受伝達、備蓄機能を備えた拠点です。,"神奈川県/横浜市/保土ケ谷区/岩井町/３０７番地","139.60184","35.44274","5","7"
保土ケ谷小学校,保土ケ谷区,神戸町129番地4,神奈川県横浜市保土ケ谷区神戸町129番地4,被災した住民の避難生活の場所、情報受伝達、備蓄機能を備えた拠点です。,"神奈川県/横浜市/保土ケ谷区/神戸町/１２９番地","139.59563","35.45409","5","7"
帷子小学校,保土ケ谷区,川辺町65番地1,神奈川県横浜市保土ケ谷区川辺町65番地1,被災した住民の避難生活の場所、情報受伝達、備蓄機能を備えた拠点です。,"神奈川県/横浜市/保土ケ谷区/川辺町","139.59688","35.45964","5","5"
岩崎小学校,保土ケ谷区,岩崎町22番地1,神奈川県横浜市保土ケ谷区岩崎町22番地1,被災した住民の避難生活の場所、情報受伝達、備蓄機能を備えた拠点です。,"神奈川県/横浜市/保土ケ谷区/岩崎町/２２番","139.58672","35.44669","5","7"
初音が丘小学校,保土ケ谷区,藤塚町1番地1,神奈川県横浜市保土ケ谷区藤塚町1番地1,被災した住民の避難生活の場所、情報受伝達、備蓄機能を備えた拠点です。,"神奈川県/横浜市/保土ケ谷区/藤塚町/１番","139.57713","35.44801","5","7"
峯小学校,保土ケ谷区,峰岡町1丁目10番地,神奈川県横浜市保土ケ谷区峰岡町1丁目10番地,被災した住民の避難生活の場所、情報受伝達、備蓄機能を備えた拠点です。,"神奈川県/横浜市/保土ケ谷区/峰岡町/一丁目/１０番地","139.59911","35.46135","5","7"
星川小学校,保土ケ谷区,星川三丁目18番1号,神奈川県横浜市保土ケ谷区星川三丁目18番1号,被災した住民の避難生活の場所、情報受伝達、備蓄機能を備えた拠点です。,"神奈川県/横浜市/保土ケ谷区/星川/三丁目/１８番","139.58939","35.46125","5","7"
仏向小学校,保土ケ谷区,仏向町845番地,神奈川県横浜市保土ケ谷区仏向町845番地,被災した住民の避難生活の場所、情報受伝達、備蓄機能を備えた拠点です。,"神奈川県/横浜市/保土ケ谷区/仏向町/８４５番地","139.58463","35.45886","5","7"
川島小学校,保土ケ谷区,川島町1162番地,神奈川県横浜市保土ケ谷区川島町1162番地,被災した住民の避難生活の場所、情報受伝達、備蓄機能を備えた拠点です。,"神奈川県/横浜市/保土ケ谷区/川島町/１１６２番地","139.56607","35.47457","5","7"
上菅田小学校,保土ケ谷区,上菅田町134番地,神奈川県横浜市保土ケ谷区上菅田町134番地,被災した住民の避難生活の場所、情報受伝達、備蓄機能を備えた拠点です。,"神奈川県/横浜市/保土ケ谷区/上菅田町/１３４番地","139.56630","35.48444","5","7"
今井小学校,保土ケ谷区,今井町981番地1,神奈川県横浜市保土ケ谷区今井町981番地1,被災した住民の避難生活の場所、情報受伝達、備蓄機能を備えた拠点です。,"神奈川県/横浜市/保土ケ谷区/今井町/９８１番地","139.55859","35.44662","5","7"
桜台小学校,保土ケ谷区,桜ケ丘一丁目13番1号,神奈川県横浜市保土ケ谷区桜ケ丘一丁目13番1号,被災した住民の避難生活の場所、情報受伝達、備蓄機能を備えた拠点です。,"神奈川県/横浜市/保土ケ谷区/桜ケ丘/一丁目/１３番","139.59052","35.45041","5","7"
常盤台小学校,保土ケ谷区,釜台町22番地1,神奈川県横浜市保土ケ谷区釜台町22番地1,被災した住民の避難生活の場所、情報受伝達、備蓄機能を備えた拠点です。,"神奈川県/横浜市/保土ケ谷区/釜台町/２２番","139.58582","35.46915","5","7"
上星川小学校,保土ケ谷区,上星川二丁目51番1号,神奈川県横浜市保土ケ谷区上星川二丁目51番1号,被災した住民の避難生活の場所、情報受伝達、備蓄機能を備えた拠点です。,"神奈川県/横浜市/保土ケ谷区/上星川/二丁目/５１番","139.57808","35.47613","5","7"
笹山小学校,保土ケ谷区,上菅田町1422番地,神奈川県横浜市保土ケ谷区上菅田町1422番地,被災した住民の避難生活の場所、情報受伝達、備蓄機能を備えた拠点です。,"神奈川県/横浜市/保土ケ谷区/上菅田町/１４２２番地","139.56590","35.49202","5","7"
新井小学校,保土ケ谷区,上菅田町1574番地1,神奈川県横浜市保土ケ谷区上菅田町1574番地1,被災した住民の避難生活の場所、情報受伝達、備蓄機能を備えた拠点です。,"神奈川県/横浜市/保土ケ谷区/上菅田町/１５７４番地","139.55626","35.49595","5","7"
旧・くぬぎ台小学校,保土ケ谷区,川島町1374番地1,神奈川県横浜市保土ケ谷区川島町1374番地1,被災した住民の避難生活の場所、情報受伝達、備蓄機能を備えた拠点です。,"神奈川県/横浜市/保土ケ谷区/川島町/１３７４番地","139.55956","35.47293","5","7"
坂本小学校,保土ケ谷区,坂本町6番地,神奈川県横浜市保土ケ谷区坂本町6番地,被災した住民の避難生活の場所、情報受伝達、備蓄機能を備えた拠点です。,"神奈川県/横浜市/保土ケ谷区/坂本町/６番地","139.57994","35.46473","5","7"
藤塚小学校,保土ケ谷区,新桜ケ丘一丁目22番1号,神奈川県横浜市保土ケ谷区新桜ケ丘一丁目22番1号,被災した住民の避難生活の場所、情報受伝達、備蓄機能を備えた拠点です。,"神奈川県/横浜市/保土ケ谷区/新桜ケ丘/一丁目/２２番","139.56316","35.45132","5","7"
瀬戸ケ谷小学校,保土ケ谷区,瀬戸ケ谷町243番地,神奈川県横浜市保土ケ谷区瀬戸ケ谷町243番地,被災した住民の避難生活の場所、情報受伝達、備蓄機能を備えた拠点です。,"神奈川県/横浜市/保土ケ谷区/瀬戸ケ谷町/２４３番地","139.58556","35.44002","5","7"
権太坂小学校,保土ケ谷区,権太坂二丁目4番1号,神奈川県横浜市保土ケ谷区権太坂二丁目4番1号,被災した住民の避難生活の場所、情報受伝達、備蓄機能を備えた拠点です。,"神奈川県/横浜市/保土ケ谷区/権太坂/二丁目/４番","139.57481","35.44161","5","7"
保土ケ谷中学校,保土ケ谷区,釜台町3番地1,神奈川県横浜市保土ケ谷区釜台町3番地1,被災した住民の避難生活の場所、情報受伝達、備蓄機能を備えた拠点です。,"神奈川県/横浜市/保土ケ谷区/釜台町/３番","139.58418","35.46647","5","7"
宮田中学校,保土ケ谷区,宮田町1丁目100番地,神奈川県横浜市保土ケ谷区宮田町1丁目100番地,被災した住民の避難生活の場所、情報受伝達、備蓄機能を備えた拠点です。,"神奈川県/横浜市/保土ケ谷区/宮田町/一丁目/１００番地","139.60474","35.46120","5","7"
西谷中学校,保土ケ谷区,川島町1208番地,神奈川県横浜市保土ケ谷区川島町1208番地,被災した住民の避難生活の場所、情報受伝達、備蓄機能を備えた拠点です。,"神奈川県/横浜市/保土ケ谷区/川島町/１２０８番地","139.56607","35.47457","5","7"
橘中学校,保土ケ谷区,仏向町1167番地2,神奈川県横浜市保土ケ谷区仏向町1167番地2,被災した住民の避難生活の場所、情報受伝達、備蓄機能を備えた拠点です。,"神奈川県/横浜市/保土ケ谷区/仏向町/１１６７番地","139.57675","35.45603","5","7"
新井中学校,保土ケ谷区,新井町43番地7,神奈川県横浜市保土ケ谷区新井町43番地7,被災した住民の避難生活の場所、情報受伝達、備蓄機能を備えた拠点です。,"神奈川県/横浜市/保土ケ谷区/新井町/４３番地","139.55968","35.48415","5","7"
上白根中学校,旭区,上白根町868番地,神奈川県横浜市旭区上白根町868番地,被災した住民の避難生活の場所、情報受伝達、備蓄機能を備えた拠点です。,"神奈川県/横浜市/旭区/上白根町/８６８番地","139.53279","35.49804","5","7"
二俣川小学校,旭区,二俣川１丁目33番,神奈川県横浜市旭区二俣川１丁目33番,被災した住民の避難生活の場所、情報受伝達、備蓄機能を備えた拠点です。,"神奈川県/横浜市/旭区/二俣川/一丁目/３３番地","139.52994","35.46426","5","7"
市沢小学校,旭区,市沢町781番地,神奈川県横浜市旭区市沢町781番地,被災した住民の避難生活の場所、情報受伝達、備蓄機能を備えた拠点です。,"神奈川県/横浜市/旭区/市沢町/７８１番地","139.55901","35.46169","5","7"
白根小学校,旭区,中白根一丁目9番1号,神奈川県横浜市旭区中白根一丁目9番1号,被災した住民の避難生活の場所、情報受伝達、備蓄機能を備えた拠点です。,"神奈川県/横浜市/旭区/中白根/一丁目/９番","139.54413","35.48748","5","7"
都岡小学校,旭区,都岡町4番地8,神奈川県横浜市旭区都岡町4番地8,被災した住民の避難生活の場所、情報受伝達、備蓄機能を備えた拠点です。,"神奈川県/横浜市/旭区/都岡町/４番地","139.52177","35.48517","5","7"
希望ケ丘小学校,旭区,中希望が丘124番地,神奈川県横浜市旭区中希望が丘124番地,被災した住民の避難生活の場所、情報受伝達、備蓄機能を備えた拠点です。,"神奈川県/横浜市/旭区/中希望が丘/１２４番地","139.51256","35.45873","5","7"
鶴ケ峯小学校,旭区,鶴ケ峰一丁目42番,神奈川県横浜市旭区鶴ケ峰一丁目42番,被災した住民の避難生活の場所、情報受伝達、備蓄機能を備えた拠点です。,"神奈川県/横浜市/旭区/鶴ケ峰/一丁目/４２番地","139.55193","35.47248","5","7"
本宿小学校,旭区,本宿町16番地,神奈川県横浜市旭区本宿町16番地,被災した住民の避難生活の場所、情報受伝達、備蓄機能を備えた拠点です。,"神奈川県/横浜市/旭区/本宿町/１６番地","139.54411","35.46888","5","7"
万騎が原小学校,旭区,大池町66番地,神奈川県横浜市旭区大池町66番地,被災した住民の避難生活の場所、情報受伝達、備蓄機能を備えた拠点です。,"神奈川県/横浜市/旭区/大池町/６６番地","139.53423","35.44852","5","7"
今宿小学校,旭区,今宿東町829番地,神奈川県横浜市旭区今宿東町829番地,被災した住民の避難生活の場所、情報受伝達、備蓄機能を備えた拠点です。,"神奈川県/横浜市/旭区/今宿東町/８２９番地","139.53491","35.48441","5","7"
東希望が丘小学校,旭区,東希望が丘155番地,神奈川県横浜市旭区東希望が丘155番地,被災した住民の避難生活の場所、情報受伝達、備蓄機能を備えた拠点です。,"神奈川県/横浜市/旭区/東希望が丘/１５５番地","139.51163","35.46420","5","7"
上川井小学校,旭区,上川井町2913番地,神奈川県横浜市旭区上川井町2913番地,被災した住民の避難生活の場所、情報受伝達、備蓄機能を備えた拠点です。,"神奈川県/横浜市/旭区/上川井町/２９１３番地","139.50290","35.49792","5","7"
さちが丘小学校,旭区,さちが丘110番地1,神奈川県横浜市旭区さちが丘110番地1,被災した住民の避難生活の場所、情報受伝達、備蓄機能を備えた拠点です。,"神奈川県/横浜市/旭区/さちが丘/１１０番地","139.52348","35.45628","5","7"
旧・左近山第一小学校,旭区,左近山1997番地2,神奈川県横浜市旭区左近山1997番地2,被災した住民の避難生活の場所、情報受伝達、備蓄機能を備えた拠点です。,"神奈川県/横浜市/旭区/左近山/１９９７番地","139.54745","35.46341","5","7"
笹野台小学校,旭区,笹野台四丁目48番1号,神奈川県横浜市旭区笹野台四丁目48番1号,被災した住民の避難生活の場所、情報受伝達、備蓄機能を備えた拠点です。,"神奈川県/横浜市/旭区/笹野台/四丁目/４８番","139.51041","35.47331","5","7"
中沢小学校,旭区,中沢三丁目25番1号,神奈川県横浜市旭区中沢三丁目25番1号,被災した住民の避難生活の場所、情報受伝達、備蓄機能を備えた拠点です。,"神奈川県/横浜市/旭区/中沢/三丁目/２５番","139.52222","35.47454","5","7"
旧・左近山第二小学校,旭区,左近山1011番地,神奈川県横浜市旭区左近山1011番地,被災した住民の避難生活の場所、情報受伝達、備蓄機能を備えた拠点です。,"神奈川県/横浜市/旭区/左近山/１０１１番地","139.55600","35.45692","5","7"
四季の森小学校,旭区,上白根町901番地,神奈川県横浜市旭区上白根町901番地,被災した住民の避難生活の場所、情報受伝達、備蓄機能を備えた拠点です。,"神奈川県/横浜市/旭区/上白根町/９０１番地","139.53160","35.49604","5","7"
不動丸小学校,旭区,白根三丁目33番1号,神奈川県横浜市旭区白根三丁目33番1号,被災した住民の避難生活の場所、情報受伝達、備蓄機能を備えた拠点です。,"神奈川県/横浜市/旭区/白根/三丁目/３３番","139.55019","35.48337","5","7"
川井小学校,旭区,川井宿町32番地2,神奈川県横浜市旭区川井宿町32番地2,被災した住民の避難生活の場所、情報受伝達、備蓄機能を備えた拠点です。,"神奈川県/横浜市/旭区/川井宿町/３２番地","139.52176","35.49621","5","7"
上白根小学校,旭区,上白根二丁目45番1号,神奈川県横浜市旭区上白根二丁目45番1号,被災した住民の避難生活の場所、情報受伝達、備蓄機能を備えた拠点です。,"神奈川県/横浜市/旭区/上白根/二丁目/４５番","139.53935","35.49525","5","7"
南本宿小学校,旭区,南本宿町79番地,神奈川県横浜市旭区南本宿町79番地,被災した住民の避難生活の場所、情報受伝達、備蓄機能を備えた拠点です。,"神奈川県/横浜市/旭区/南本宿町/７９番地","139.53873","35.45812","5","7"
左近山小学校,旭区,小高町55番地2,神奈川県横浜市旭区小高町55番地2,被災した住民の避難生活の場所、情報受伝達、備蓄機能を備えた拠点です。,"神奈川県/横浜市/旭区/小高町/５５番地","139.55409","35.46172","5","7"
中尾小学校,旭区,中尾一丁目8番1号,神奈川県横浜市旭区中尾一丁目8番1号,被災した住民の避難生活の場所、情報受伝達、備蓄機能を備えた拠点です。,"神奈川県/横浜市/旭区/中尾/一丁目/８番","139.52219","35.46612","5","7"
善部小学校,旭区,善部町4番地1,神奈川県横浜市旭区善部町4番地1,被災した住民の避難生活の場所、情報受伝達、備蓄機能を備えた拠点です。,"神奈川県/横浜市/旭区/善部町/４番地","139.51738","35.45143","5","7"
若葉台特別支援学校,旭区,若葉台二丁目1番1号,神奈川県横浜市旭区若葉台二丁目1番1号,被災した住民の避難生活の場所、情報受伝達、備蓄機能を備えた拠点です。,"神奈川県/横浜市/旭区/若葉台/二丁目/１番","139.50362","35.50341","5","7"
今宿南小学校,旭区,今宿南町1879番地2,神奈川県横浜市旭区今宿南町1879番地2,被災した住民の避難生活の場所、情報受伝達、備蓄機能を備えた拠点です。,"神奈川県/横浜市/旭区/今宿南町/１８７９番地","139.52844","35.48013","5","7"
若葉台小学校,旭区,若葉台二丁目14番1号,神奈川県横浜市旭区若葉台二丁目14番1号,被災した住民の避難生活の場所、情報受伝達、備蓄機能を備えた拠点です。,"神奈川県/横浜市/旭区/若葉台/二丁目/１４番","139.50180","35.50782","5","7"
旧・若葉台西中学校,旭区,若葉台四丁目34番1号,神奈川県横浜市旭区若葉台四丁目34番1号,被災した住民の避難生活の場所、情報受伝達、備蓄機能を備えた拠点です。,"神奈川県/横浜市/旭区/若葉台/四丁目/３４番","139.49123","35.50497","5","7"
万騎が原中学校,旭区,万騎が原31番地,神奈川県横浜市旭区万騎が原31番地,被災した住民の避難生活の場所、情報受伝達、備蓄機能を備えた拠点です。,"神奈川県/横浜市/旭区/万騎が原/３１番地","139.53645","35.45771","5","7"
鶴ケ峯中学校,旭区,鶴ケ峰本町三丁目28番1号,神奈川県横浜市旭区鶴ケ峰本町三丁目28番1号,被災した住民の避難生活の場所、情報受伝達、備蓄機能を備えた拠点です。,"神奈川県/横浜市/旭区/鶴ケ峰本町/三丁目/２８番","139.54193","35.48187","5","7"
旭中学校,旭区,今宿二丁目40番1号,神奈川県横浜市旭区今宿二丁目40番1号,被災した住民の避難生活の場所、情報受伝達、備蓄機能を備えた拠点です。,"神奈川県/横浜市/旭区/今宿/二丁目/４０番","139.51775","35.47380","5","7"
南希望が丘中学校,旭区,南希望が丘108番地8,神奈川県横浜市旭区南希望が丘108番地8,被災した住民の避難生活の場所、情報受伝達、備蓄機能を備えた拠点です。,"神奈川県/横浜市/旭区/南希望が丘/１０８番","139.51006","35.45679","5","7"
今宿中学校,旭区,今宿東町825番地,神奈川県横浜市旭区今宿東町825番地,被災した住民の避難生活の場所、情報受伝達、備蓄機能を備えた拠点です。,"神奈川県/横浜市/旭区/今宿東町/８２５番地","139.53659","35.48507","5","7"
本宿中学校,旭区,川島町1979番地,神奈川県横浜市旭区川島町1979番地,被災した住民の避難生活の場所、情報受伝達、備蓄機能を備えた拠点です。,"神奈川県/横浜市/旭区/川島町/１９７９番地","139.54834","35.46423","5","7"
旭北中学校,旭区,上白根二丁目47番1号,神奈川県横浜市旭区上白根二丁目47番1号,被災した住民の避難生活の場所、情報受伝達、備蓄機能を備えた拠点です。,"神奈川県/横浜市/旭区/上白根/二丁目/４７番","139.53720","35.49512","5","7"
滝頭小学校,磯子区,丸山二丁目25番1号,神奈川県横浜市磯子区丸山二丁目25番1号,被災した住民の避難生活の場所、情報受伝達、備蓄機能を備えた拠点です。,"神奈川県/横浜市/磯子区/丸山/二丁目/２５番","139.62102","35.42173","5","7"
岡村小学校,磯子区,岡村四丁目7番1号,神奈川県横浜市磯子区岡村四丁目7番1号,被災した住民の避難生活の場所、情報受伝達、備蓄機能を備えた拠点です。,"神奈川県/横浜市/磯子区/岡村/四丁目/７番","139.61159","35.42115","5","7"
磯子小学校,磯子区,久木町11番地1,神奈川県横浜市磯子区久木町11番地1,被災した住民の避難生活の場所、情報受伝達、備蓄機能を備えた拠点です。,"神奈川県/横浜市/磯子区/久木町/１１番","139.62227","35.41448","5","7"
浜小学校,磯子区,磯子台23番地1,神奈川県横浜市磯子区磯子台23番地1,被災した住民の避難生活の場所、情報受伝達、備蓄機能を備えた拠点です。,"神奈川県/横浜市/磯子区/磯子台/２３番","139.61337","35.40551","5","7"
杉田小学校,磯子区,杉田一丁目8番1号,神奈川県横浜市磯子区杉田一丁目8番1号,被災した住民の避難生活の場所、情報受伝達、備蓄機能を備えた拠点です。,"神奈川県/横浜市/磯子区/杉田/一丁目/８番","139.61681","35.38519","5","7"
根岸小学校,磯子区,西町2番地46,神奈川県横浜市磯子区西町2番地46,被災した住民の避難生活の場所、情報受伝達、備蓄機能を備えた拠点です。,"神奈川県/横浜市/磯子区/西町/２番","139.63275","35.41750","5","7"
屏風浦小学校,磯子区,森三丁目11番1号,神奈川県横浜市磯子区森三丁目11番1号,被災した住民の避難生活の場所、情報受伝達、備蓄機能を備えた拠点です。,"神奈川県/横浜市/磯子区/森/三丁目/１１番","139.61371","35.39118","5","7"
梅林小学校,磯子区,杉田五丁目13番1号,神奈川県横浜市磯子区杉田五丁目13番1号,被災した住民の避難生活の場所、情報受伝達、備蓄機能を備えた拠点です。,"神奈川県/横浜市/磯子区/杉田/五丁目/１３番","139.62006","35.37778","5","7"
汐見台小学校,磯子区,汐見台3丁目6番地,神奈川県横浜市磯子区汐見台3丁目6番地,被災した住民の避難生活の場所、情報受伝達、備蓄機能を備えた拠点です。,"神奈川県/横浜市/磯子区/汐見台/三丁目/６番地","139.60672","35.40055","5","7"
洋光台第一小学校,磯子区,洋光台一丁目4番1号,神奈川県横浜市磯子区洋光台一丁目4番1号,被災した住民の避難生活の場所、情報受伝達、備蓄機能を備えた拠点です。,"神奈川県/横浜市/磯子区/洋光台/一丁目/４番","139.59593","35.38416","5","7"
洋光台第二小学校,磯子区,洋光台四丁目15番1号,神奈川県横浜市磯子区洋光台四丁目15番1号,被災した住民の避難生活の場所、情報受伝達、備蓄機能を備えた拠点です。,"神奈川県/横浜市/磯子区/洋光台/四丁目/１５番","139.60033","35.37648","5","7"
さわの里小学校,磯子区,上中里町548番地,神奈川県横浜市磯子区上中里町548番地,被災した住民の避難生活の場所、情報受伝達、備蓄機能を備えた拠点です。,"神奈川県/横浜市/磯子区/上中里町/５４８番地","139.60727","35.36997","5","7"
洋光台第三小学校,磯子区,洋光台二丁目4番1号,神奈川県横浜市磯子区洋光台二丁目4番1号,被災した住民の避難生活の場所、情報受伝達、備蓄機能を備えた拠点です。,"神奈川県/横浜市/磯子区/洋光台/二丁目/４番","139.58998","35.38229","5","7"
洋光台第四小学校,磯子区,洋光台六丁目6番1号,神奈川県横浜市磯子区洋光台六丁目6番1号,被災した住民の避難生活の場所、情報受伝達、備蓄機能を備えた拠点です。,"神奈川県/横浜市/磯子区/洋光台/六丁目/６番","139.59729","35.37294","5","7"
森東小学校,磯子区,森一丁目4番,神奈川県横浜市磯子区森一丁目4番,被災した住民の避難生活の場所、情報受伝達、備蓄機能を備えた拠点です。,"神奈川県/横浜市/磯子区/森/一丁目/４番","139.61578","35.39723","5","7"
山王台小学校,磯子区,磯子五丁目2番1号,神奈川県横浜市磯子区磯子五丁目2番1号,被災した住民の避難生活の場所、情報受伝達、備蓄機能を備えた拠点です。,"神奈川県/横浜市/磯子区/磯子/五丁目/２番","139.61444","35.40796","5","7"
根岸中学校,磯子区,西町17番地13,神奈川県横浜市磯子区西町17番地13,被災した住民の避難生活の場所、情報受伝達、備蓄機能を備えた拠点です。,"神奈川県/横浜市/磯子区/西町/１７番","139.63164","35.41479","5","7"
浜中学校,磯子区,杉田三丁目30番11号,神奈川県横浜市磯子区杉田三丁目30番11号,被災した住民の避難生活の場所、情報受伝達、備蓄機能を備えた拠点です。,"神奈川県/横浜市/磯子区/杉田/三丁目/３０番","139.61125","35.37703","5","7"
岡村中学校,磯子区,岡村一丁目14番1号,神奈川県横浜市磯子区岡村一丁目14番1号,被災した住民の避難生活の場所、情報受伝達、備蓄機能を備えた拠点です。,"神奈川県/横浜市/磯子区/岡村/一丁目/１４番","139.61761","35.41658","5","7"
汐見台中学校,磯子区,汐見台1丁目2番地1,神奈川県横浜市磯子区汐見台1丁目2番地1,被災した住民の避難生活の場所、情報受伝達、備蓄機能を備えた拠点です。,"神奈川県/横浜市/磯子区/汐見台/一丁目/２番地","139.61075","35.40636","5","7"
森中学校,磯子区,森五丁目22番1号,神奈川県横浜市磯子区森五丁目22番1号,被災した住民の避難生活の場所、情報受伝達、備蓄機能を備えた拠点です。,"神奈川県/横浜市/磯子区/森/五丁目/２２番","139.60490","35.39278","5","7"
富岡小学校,金沢区,富岡西七丁目13番1号,神奈川県横浜市金沢区富岡西七丁目13番1号,被災した住民の避難生活の場所、情報受伝達、備蓄機能を備えた拠点です。,"神奈川県/横浜市/金沢区/富岡西/七丁目/１３番","139.62497","35.36661","5","7"
金沢小学校,金沢区,町屋町26番地26号,神奈川県横浜市金沢区町屋町26番地26号,被災した住民の避難生活の場所、情報受伝達、備蓄機能を備えた拠点です。,"神奈川県/横浜市/金沢区/町屋町/２６番","139.62952","35.33561","5","7"
八景小学校,金沢区,泥亀一丁目21番2号,神奈川県横浜市金沢区泥亀一丁目21番2号,被災した住民の避難生活の場所、情報受伝達、備蓄機能を備えた拠点です。,"神奈川県/横浜市/金沢区/泥亀/一丁目/２１番","139.62187","35.33876","5","7"
文庫小学校,金沢区,寺前二丁目21番7号,神奈川県横浜市金沢区寺前二丁目21番7号,被災した住民の避難生活の場所、情報受伝達、備蓄機能を備えた拠点です。,"神奈川県/横浜市/金沢区/寺前/二丁目/２１番","139.63110","35.33995","5","7"
六浦小学校,金沢区,六浦三丁目11番1号,神奈川県横浜市金沢区六浦三丁目11番1号,被災した住民の避難生活の場所、情報受伝達、備蓄機能を備えた拠点です。,"神奈川県/横浜市/金沢区/六浦/三丁目/１１番","139.61288","35.32987","5","7"
釜利谷小学校,金沢区,釜利谷東六丁目37番1号,神奈川県横浜市金沢区釜利谷東六丁目37番1号,被災した住民の避難生活の場所、情報受伝達、備蓄機能を備えた拠点です。,"神奈川県/横浜市/金沢区/釜利谷東/六丁目/３７番","139.60811","35.34361","5","7"
大道小学校,金沢区,大道二丁目3番1号,神奈川県横浜市金沢区大道二丁目3番1号,被災した住民の避難生活の場所、情報受伝達、備蓄機能を備えた拠点です。,"神奈川県/横浜市/金沢区/大道/二丁目/３番","139.61081","35.32684","5","7"
瀬ケ崎小学校,金沢区,六浦東三丁目2番1号,神奈川県横浜市金沢区六浦東三丁目2番1号,被災した住民の避難生活の場所、情報受伝達、備蓄機能を備えた拠点です。,"神奈川県/横浜市/金沢区/六浦東/三丁目/２番","139.62009","35.31903","5","7"
西柴小学校,金沢区,西柴四丁目23番1号,神奈川県横浜市金沢区西柴四丁目23番1号,被災した住民の避難生活の場所、情報受伝達、備蓄機能を備えた拠点です。,"神奈川県/横浜市/金沢区/西柴/四丁目/２３番","139.63329","35.34752","5","7"
西富岡小学校,金沢区,富岡西五丁目49番1号,神奈川県横浜市金沢区富岡西五丁目49番1号,被災した住民の避難生活の場所、情報受伝達、備蓄機能を備えた拠点です。,"神奈川県/横浜市/金沢区/富岡西/五丁目/４９番","139.61406","35.36194","5","7"
朝比奈小学校,金沢区,東朝比奈二丁目53番1号,神奈川県横浜市金沢区東朝比奈二丁目53番1号,被災した住民の避難生活の場所、情報受伝達、備蓄機能を備えた拠点です。,"神奈川県/横浜市/金沢区/東朝比奈/二丁目/５３番","139.59558","35.32273","5","7"
釜利谷西小学校,金沢区,釜利谷西四丁目19番1号,神奈川県横浜市金沢区釜利谷西四丁目19番1号,被災した住民の避難生活の場所、情報受伝達、備蓄機能を備えた拠点です。,"神奈川県/横浜市/金沢区/釜利谷西/四丁目/１９番","139.59366","35.34483","5","7"
高舟台小学校,金沢区,高舟台一丁目35番1号,神奈川県横浜市金沢区高舟台一丁目35番1号,被災した住民の避難生活の場所、情報受伝達、備蓄機能を備えた拠点です。,"神奈川県/横浜市/金沢区/高舟台/一丁目/３５番","139.60785","35.33359","5","7"
並木第一小学校,金沢区,並木一丁目7番1号,神奈川県横浜市金沢区並木一丁目7番1号,被災した住民の避難生活の場所、情報受伝達、備蓄機能を備えた拠点です。,"神奈川県/横浜市/金沢区/並木/一丁目/７番","139.63927","35.37300","5","7"
釜利谷東小学校,金沢区,釜利谷東二丁目12番1号,神奈川県横浜市金沢区釜利谷東二丁目12番1号,被災した住民の避難生活の場所、情報受伝達、備蓄機能を備えた拠点です。,"神奈川県/横浜市/金沢区/釜利谷東/二丁目/１２番","139.61729","35.34435","5","7"
並木中央小学校,金沢区,並木一丁目25番1号,神奈川県横浜市金沢区並木一丁目25番1号,被災した住民の避難生活の場所、情報受伝達、備蓄機能を備えた拠点です。,"神奈川県/横浜市/金沢区/並木/一丁目/２５番","139.64253","35.36682","5","7"
並木中学校,金沢区,並木三丁目4番1号,神奈川県横浜市金沢区並木三丁目4番1号,被災した住民の避難生活の場所、情報受伝達、備蓄機能を備えた拠点です。,"神奈川県/横浜市/金沢区/並木/三丁目/４番","139.64059","35.35961","5","7"
並木第四小学校,金沢区,並木三丁目10番1号,神奈川県横浜市金沢区並木三丁目10番1号,被災した住民の避難生活の場所、情報受伝達、備蓄機能を備えた拠点です。,"神奈川県/横浜市/金沢区/並木/三丁目/１０番","139.64088","35.35592","5","7"
能見台小学校,金沢区,能見台三丁目32番1号,神奈川県横浜市金沢区能見台三丁目32番1号,被災した住民の避難生活の場所、情報受伝達、備蓄機能を備えた拠点です。,"神奈川県/横浜市/金沢区/能見台/三丁目/３２番","139.62210","35.35807","5","7"
釜利谷南小学校,金沢区,釜利谷南四丁目12番1号,神奈川県横浜市金沢区釜利谷南四丁目12番1号,被災した住民の避難生活の場所、情報受伝達、備蓄機能を備えた拠点です。,"神奈川県/横浜市/金沢区/釜利谷南/四丁目/１２番","139.60606","35.33890","5","7"
小田小学校,金沢区,富岡西一丁目69番1号,神奈川県横浜市金沢区富岡西一丁目69番1号,被災した住民の避難生活の場所、情報受伝達、備蓄機能を備えた拠点です。,"神奈川県/横浜市/金沢区/富岡西/一丁目/６９番","139.62025","35.37212","5","7"
六浦南小学校,金沢区,六浦南三丁目22番1号,神奈川県横浜市金沢区六浦南三丁目22番1号,被災した住民の避難生活の場所、情報受伝達、備蓄機能を備えた拠点です。,"神奈川県/横浜市/金沢区/六浦南/三丁目/２２番","139.61115","35.31569","5","7"
能見台南小学校,金沢区,能見台六丁目3番1号,神奈川県横浜市金沢区能見台六丁目3番1号,被災した住民の避難生活の場所、情報受伝達、備蓄機能を備えた拠点です。,"神奈川県/横浜市/金沢区/能見台/六丁目/３番","139.61513","35.35308","5","7"
西柴中学校,金沢区,西柴一丁目23番1号,神奈川県横浜市金沢区西柴一丁目23番1号,被災した住民の避難生活の場所、情報受伝達、備蓄機能を備えた拠点です。,"神奈川県/横浜市/金沢区/西柴/一丁目/２３番","139.62912","35.35275","5","7"
六浦中学校,金沢区,六浦一丁目24番4号,神奈川県横浜市金沢区六浦一丁目24番4号,被災した住民の避難生活の場所、情報受伝達、備蓄機能を備えた拠点です。,"神奈川県/横浜市/金沢区/六浦/一丁目/２４番","139.61810","35.32435","5","7"
大道中学校,金沢区,大道一丁目85番1号,神奈川県横浜市金沢区大道一丁目85番1号,被災した住民の避難生活の場所、情報受伝達、備蓄機能を備えた拠点です。,"神奈川県/横浜市/金沢区/大道/一丁目/８５番","139.60115","35.33032","5","7"
城郷小学校,港北区,鳥山町814番地,神奈川県横浜市港北区鳥山町814番地,被災した住民の避難生活の場所、情報受伝達、備蓄機能を備えた拠点です。,"神奈川県/横浜市/港北区/鳥山町/８１４番地","139.60254","35.50473","5","7"
大綱小学校,港北区,大倉山四丁目2番1号,神奈川県横浜市港北区大倉山四丁目2番1号,被災した住民の避難生活の場所、情報受伝達、備蓄機能を備えた拠点です。,"神奈川県/横浜市/港北区/大倉山/四丁目/２番","139.62590","35.51868","5","7"
大曽根小学校,港北区,大曽根二丁目31番1号,神奈川県横浜市港北区大曽根二丁目31番1号,被災した住民の避難生活の場所、情報受伝達、備蓄機能を備えた拠点です。,"神奈川県/横浜市/港北区/大曽根/二丁目/３１番","139.63005","35.53170","5","7"
綱島小学校,港北区,綱島西三丁目11番1号,神奈川県横浜市港北区綱島西三丁目11番1号,被災した住民の避難生活の場所、情報受伝達、備蓄機能を備えた拠点です。,"神奈川県/横浜市/港北区/綱島西/三丁目/１１番","139.62845","35.53707","5","7"
日吉台小学校,港北区,日吉本町一丁目34番21号,神奈川県横浜市港北区日吉本町一丁目34番21号,被災した住民の避難生活の場所、情報受伝達、備蓄機能を備えた拠点です。,"神奈川県/横浜市/港北区/日吉本町/一丁目/３４番","139.64349","35.55267","5","7"
港北小学校,港北区,菊名二丁目15番1号,神奈川県横浜市港北区菊名二丁目15番1号,被災した住民の避難生活の場所、情報受伝達、備蓄機能を備えた拠点です。,"神奈川県/横浜市/港北区/菊名/二丁目/１５番","139.63545","35.49988","5","7"
菊名小学校,港北区,菊名五丁目18番1号,神奈川県横浜市港北区菊名五丁目18番1号,被災した住民の避難生活の場所、情報受伝達、備蓄機能を備えた拠点です。,"神奈川県/横浜市/港北区/菊名/五丁目/１８番","139.63492","35.51283","5","7"
新田小学校,港北区,新吉田町3226番地1,神奈川県横浜市港北区新吉田町3226番地1,被災した住民の避難生活の場所、情報受伝達、備蓄機能を備えた拠点です。,"神奈川県/横浜市/港北区/新吉田町/３２２６番地","139.61002","35.53316","5","7"
高田中学校,港北区,高田町2439番地,神奈川県横浜市港北区高田町2439番地,被災した住民の避難生活の場所、情報受伝達、備蓄機能を備えた拠点です。,"神奈川県/横浜市/港北区/高田町/２４３９番地","139.61714","35.55695","5","7"
矢上小学校,港北区,日吉三丁目23番1号,神奈川県横浜市港北区日吉三丁目23番1号,被災した住民の避難生活の場所、情報受伝達、備蓄機能を備えた拠点です。,"神奈川県/横浜市/港北区/日吉/三丁目/２３番","139.65764","35.55403","5","7"
駒林小学校,港北区,日吉本町二丁目51番1号,神奈川県横浜市港北区日吉本町二丁目51番1号,被災した住民の避難生活の場所、情報受伝達、備蓄機能を備えた拠点です。,"神奈川県/横浜市/港北区/日吉本町/二丁目/５１番","139.63510","35.55257","5","7"
篠原小学校,港北区,篠原東三丁目27番1号,神奈川県横浜市港北区篠原東三丁目27番1号,被災した住民の避難生活の場所、情報受伝達、備蓄機能を備えた拠点です。,"神奈川県/横浜市/港北区/篠原東/三丁目/２７番","139.62686","35.50287","5","7"
下田小学校,港北区,下田町四丁目10番1号,神奈川県横浜市港北区下田町四丁目10番1号,被災した住民の避難生活の場所、情報受伝達、備蓄機能を備えた拠点です。,"神奈川県/横浜市/港北区/下田町/四丁目/１０番","139.63013","35.55771","5","7"
日吉南小学校,港北区,日吉本町四丁目2番6号,神奈川県横浜市港北区日吉本町四丁目2番6号,被災した住民の避難生活の場所、情報受伝達、備蓄機能を備えた拠点です。,"神奈川県/横浜市/港北区/日吉本町/四丁目/２番","139.63916","35.54477","5","7"
篠原西小学校,港北区,篠原町1241番地1,神奈川県横浜市港北区篠原町1241番地1,被災した住民の避難生活の場所、情報受伝達、備蓄機能を備えた拠点です。,"神奈川県/横浜市/港北区/篠原町/１２４１番地","139.61482","35.50153","5","7"
新吉田小学校,港北区,新吉田東六丁目44番1号,神奈川県横浜市港北区新吉田東六丁目44番1号,被災した住民の避難生活の場所、情報受伝達、備蓄機能を備えた拠点です。,"神奈川県/横浜市/港北区/新吉田東/六丁目/４４番","139.61777","35.53826","5","7"
綱島東小学校,港北区,綱島東三丁目1番30号,神奈川県横浜市港北区綱島東三丁目1番30号,被災した住民の避難生活の場所、情報受伝達、備蓄機能を備えた拠点です。,"神奈川県/横浜市/港北区/綱島東/三丁目/１番","139.64078","35.53768","5","7"
師岡小学校,港北区,師岡町986番地,神奈川県横浜市港北区師岡町986番地,被災した住民の避難生活の場所、情報受伝達、備蓄機能を備えた拠点です。,"神奈川県/横浜市/港北区/師岡町/９８６番地","139.63885","35.52357","5","7"
高田東小学校,港北区,高田東二丁目33番1号,神奈川県横浜市港北区高田東二丁目33番1号,被災した住民の避難生活の場所、情報受伝達、備蓄機能を備えた拠点です。,"神奈川県/横浜市/港北区/高田東/二丁目/３３番","139.62498","35.55248","5","7"
太尾小学校,港北区,大倉山七丁目34番1号,神奈川県横浜市港北区大倉山七丁目34番1号,被災した住民の避難生活の場所、情報受伝達、備蓄機能を備えた拠点です。,"神奈川県/横浜市/港北区/大倉山/七丁目/３４番","139.61952","35.52446","5","7"
新羽小学校,港北区,新羽町1452番地2,神奈川県横浜市港北区新羽町1452番地2,被災した住民の避難生活の場所、情報受伝達、備蓄機能を備えた拠点です。,"神奈川県/横浜市/港北区/新羽町/１４５２番地","139.60912","35.52200","5","7"
北綱島小学校,港北区,綱島西五丁目14番40号,神奈川県横浜市港北区綱島西五丁目14番40号,被災した住民の避難生活の場所、情報受伝達、備蓄機能を備えた拠点です。,"神奈川県/横浜市/港北区/綱島西/五丁目/１４番","139.63095","35.54487","5","7"
新吉田第二小学校,港北区,新吉田町491番地1,神奈川県横浜市港北区新吉田町491番地1,被災した住民の避難生活の場所、情報受伝達、備蓄機能を備えた拠点です。,"神奈川県/横浜市/港北区/新吉田町/４９１番地","139.61278","35.55009","5","7"
大豆戸小学校,港北区,大豆戸町759番地,神奈川県横浜市港北区大豆戸町759番地,被災した住民の避難生活の場所、情報受伝達、備蓄機能を備えた拠点です。,"神奈川県/横浜市/港北区/大豆戸町/７５９番地","139.62196","35.51560","5","7"
小机小学校,港北区,小机町1382番地10,神奈川県横浜市港北区小机町1382番地10,被災した住民の避難生活の場所、情報受伝達、備蓄機能を備えた拠点です。,"神奈川県/横浜市/港北区/小机町/１３８２番地","139.59656","35.50640","5","7"
城郷中学校,港北区,小机町325番地,神奈川県横浜市港北区小机町325番地,被災した住民の避難生活の場所、情報受伝達、備蓄機能を備えた拠点です。,"神奈川県/横浜市/港北区/小机町/３２５番地","139.58815","35.50563","5","7"
新田中学校,港北区,新吉田東五丁目25番1号,神奈川県横浜市港北区新吉田東五丁目25番1号,被災した住民の避難生活の場所、情報受伝達、備蓄機能を備えた拠点です。,"神奈川県/横浜市/港北区/新吉田東/五丁目/２５番","139.62263","35.54095","5","7"
樽町中学校,港北区,樽町四丁目15番1号,神奈川県横浜市港北区樽町四丁目15番1号,被災した住民の避難生活の場所、情報受伝達、備蓄機能を備えた拠点です。,"神奈川県/横浜市/港北区/樽町/四丁目/１５番","139.64259","35.52843","5","7"
山下小学校,緑区,北八朔町1865番地3,神奈川県横浜市緑区北八朔町1865番地3,被災した住民の避難生活の場所、情報受伝達、備蓄機能を備えた拠点です。,"神奈川県/横浜市/緑区/北八朔町/１８６５番地","139.53812","35.52536","5","7"
鴨居小学校,緑区,鴨居四丁目7番15号,神奈川県横浜市緑区鴨居四丁目7番15号,被災した住民の避難生活の場所、情報受伝達、備蓄機能を備えた拠点です。,"神奈川県/横浜市/緑区/鴨居/四丁目/７番","139.56644","35.50883","5","7"
新治小学校,緑区,新治町768番地,神奈川県横浜市緑区新治町768番地,被災した住民の避難生活の場所、情報受伝達、備蓄機能を備えた拠点です。,"神奈川県/横浜市/緑区/新治町/７６８番地","139.52000","35.51761","5","7"
森の台小学校,緑区,森の台13番地1,神奈川県横浜市緑区森の台13番地1,被災した住民の避難生活の場所、情報受伝達、備蓄機能を備えた拠点です。,"神奈川県/横浜市/緑区/森の台/１３番","139.53571","35.50868","5","7"
長津田小学校,緑区,長津田町2330番地,神奈川県横浜市緑区長津田町2330番地,被災した住民の避難生活の場所、情報受伝達、備蓄機能を備えた拠点です。,"神奈川県/横浜市/緑区/長津田町/２３３０番地","139.48911","35.53063","5","7"
十日市場小学校,緑区,十日市場町1392番地1,神奈川県横浜市緑区十日市場町1392番地1,被災した住民の避難生活の場所、情報受伝達、備蓄機能を備えた拠点です。,"神奈川県/横浜市/緑区/十日市場町","139.51385","35.52408","5","5"
三保小学校,緑区,三保町1867番地,神奈川県横浜市緑区三保町1867番地,被災した住民の避難生活の場所、情報受伝達、備蓄機能を備えた拠点です。,"神奈川県/横浜市/緑区/三保町/１８６７番地","139.52663","35.51590","5","7"
竹山小学校,緑区,竹山三丁目1番16号,神奈川県横浜市緑区竹山三丁目1番16号,被災した住民の避難生活の場所、情報受伝達、備蓄機能を備えた拠点です。,"神奈川県/横浜市/緑区/竹山/三丁目/１番","139.56073","35.49690","5","7"
長津田第二小学校,緑区,長津田町2469番地3,神奈川県横浜市緑区長津田町2469番地3,被災した住民の避難生活の場所、情報受伝達、備蓄機能を備えた拠点です。,"神奈川県/横浜市/緑区/長津田町/２４６９番地","139.48871","35.53510","5","7"
東本郷小学校,緑区,東本郷五丁目40番1号,神奈川県横浜市緑区東本郷五丁目40番1号,被災した住民の避難生活の場所、情報受伝達、備蓄機能を備えた拠点です。,"神奈川県/横浜市/緑区/東本郷/五丁目/４０番","139.58180","35.50507","5","7"
上山小学校,緑区,上山二丁目5番1号,神奈川県横浜市緑区上山二丁目5番1号,被災した住民の避難生活の場所、情報受伝達、備蓄機能を備えた拠点です。,"神奈川県/横浜市/緑区/上山/二丁目/５番","139.54700","35.50674","5","7"
緑小学校,緑区,鴨居五丁目19番1号,神奈川県横浜市緑区鴨居五丁目19番1号,被災した住民の避難生活の場所、情報受伝達、備蓄機能を備えた拠点です。,"神奈川県/横浜市/緑区/鴨居/五丁目/１９番","139.56061","35.50542","5","7"
霧が丘小学校,緑区,霧が丘四丁目3番,神奈川県横浜市緑区霧が丘四丁目3番,被災した住民の避難生活の場所、情報受伝達、備蓄機能を備えた拠点です。,"神奈川県/横浜市/緑区/霧が丘/四丁目/３番地","139.50732","35.51210","5","7"
霧が丘複合施設「霧の里」,緑区,霧が丘三丁目23番,神奈川県横浜市緑区霧が丘三丁目23番,被災した住民の避難生活の場所、情報受伝達、備蓄機能を備えた拠点です。,"神奈川県/横浜市/緑区/霧が丘/三丁目/２３番地","139.50493","35.51606","5","7"
いぶき野小学校,緑区,いぶき野14番地1,神奈川県横浜市緑区いぶき野14番地1,被災した住民の避難生活の場所、情報受伝達、備蓄機能を備えた拠点です。,"神奈川県/横浜市/緑区/いぶき野/１４番","139.50180","35.52626","5","7"
中山小学校,緑区,中山町925番地,神奈川県横浜市緑区中山町925番地,被災した住民の避難生活の場所、情報受伝達、備蓄機能を備えた拠点です。,"神奈川県/横浜市/緑区/中山町/９２５番地","139.54823","35.51057","5","7"
山下みどり台小学校,緑区,北八朔町2031番地3,神奈川県横浜市緑区北八朔町2031番地3,被災した住民の避難生活の場所、情報受伝達、備蓄機能を備えた拠点です。,"神奈川県/横浜市/緑区/北八朔町/２０３１番地","139.53218","35.53146","5","7"
田奈中学校,緑区,長津田二丁目24番1号,神奈川県横浜市緑区長津田二丁目24番1号,被災した住民の避難生活の場所、情報受伝達、備蓄機能を備えた拠点です。,"神奈川県/横浜市/緑区/長津田/二丁目/２４番","139.49841","35.53432","5","7"
中山中学校,緑区,寺山町653番地21,神奈川県横浜市緑区寺山町653番地21,被災した住民の避難生活の場所、情報受伝達、備蓄機能を備えた拠点です。,"神奈川県/横浜市/緑区/寺山町/６５３番地","139.54222","35.50480","5","7"
十日市場中学校,緑区,十日市場町1501番地42,神奈川県横浜市緑区十日市場町1501番地42,被災した住民の避難生活の場所、情報受伝達、備蓄機能を備えた拠点です。,"神奈川県/横浜市/緑区/十日市場町/１５０１番地","139.51251","35.52221","5","7"
鴨居中学校,緑区,鴨居五丁目12番35号,神奈川県横浜市緑区鴨居五丁目12番35号,被災した住民の避難生活の場所、情報受伝達、備蓄機能を備えた拠点です。,"神奈川県/横浜市/緑区/鴨居/五丁目/１２番","139.56151","35.50730","5","7"
東鴨居中学校,緑区,鴨居三丁目39番1号,神奈川県横浜市緑区鴨居三丁目39番1号,被災した住民の避難生活の場所、情報受伝達、備蓄機能を備えた拠点です。,"神奈川県/横浜市/緑区/鴨居/三丁目/３９番","139.57123","35.50446","5","7"
鉄小学校,青葉区,鉄町427番地,神奈川県横浜市青葉区鉄町427番地,被災した住民の避難生活の場所、情報受伝達、備蓄機能を備えた拠点です。,"神奈川県/横浜市/青葉区/鉄町/４２７番地","139.52013","35.56247","5","7"
谷本小学校,青葉区,藤が丘一丁目55番10号,神奈川県横浜市青葉区藤が丘一丁目55番10号,被災した住民の避難生活の場所、情報受伝達、備蓄機能を備えた拠点です。,"神奈川県/横浜市/青葉区/藤が丘/一丁目/５５番地","139.53537","35.54316","5","7"
田奈小学校,青葉区,田奈町51番地13,神奈川県横浜市青葉区田奈町51番地13,被災した住民の避難生活の場所、情報受伝達、備蓄機能を備えた拠点です。,"神奈川県/横浜市/青葉区/田奈町/５１番地","139.49988","35.53907","5","7"
山内小学校,青葉区,新石川一丁目20番1号,神奈川県横浜市青葉区新石川一丁目20番1号,被災した住民の避難生活の場所、情報受伝達、備蓄機能を備えた拠点です。,"神奈川県/横浜市/青葉区/新石川/一丁目/２０番地","139.55655","35.56881","5","7"
奈良小学校,青葉区,奈良町1541番地2,神奈川県横浜市青葉区奈良町1541番地2,被災した住民の避難生活の場所、情報受伝達、備蓄機能を備えた拠点です。,"神奈川県/横浜市/青葉区/奈良町/１５４１番地","139.48079","35.56260","5","7"
つつじが丘小学校,青葉区,つつじが丘34番地,神奈川県横浜市青葉区つつじが丘34番地,被災した住民の避難生活の場所、情報受伝達、備蓄機能を備えた拠点です。,"神奈川県/横浜市/青葉区/つつじが丘/３４番地","139.51997","35.53576","5","7"
美しが丘小学校,青葉区,美しが丘二丁目29番,神奈川県横浜市青葉区美しが丘二丁目29番,被災した住民の避難生活の場所、情報受伝達、備蓄機能を備えた拠点です。,"神奈川県/横浜市/青葉区/美しが丘/二丁目/２９番地","139.55653","35.58421","5","7"
青葉台小学校,青葉区,桜台47番地,神奈川県横浜市青葉区桜台47番地,被災した住民の避難生活の場所、情報受伝達、備蓄機能を備えた拠点です。,"神奈川県/横浜市/青葉区/桜台/４７番地","139.51018","35.55111","5","7"
榎が丘小学校,青葉区,榎が丘29番地,神奈川県横浜市青葉区榎が丘29番地,被災した住民の避難生活の場所、情報受伝達、備蓄機能を備えた拠点です。,"神奈川県/横浜市/青葉区/榎が丘/２９番地","139.50980","35.54211","5","7"
すすき野小学校,青葉区,すすき野三丁目4番1号,神奈川県横浜市青葉区すすき野三丁目4番1号,被災した住民の避難生活の場所、情報受伝達、備蓄機能を備えた拠点です。,"神奈川県/横浜市/青葉区/すすき野/三丁目/４番地","139.53127","35.58004","5","7"
もえぎ野小学校,青葉区,もえぎ野16番地,神奈川県横浜市青葉区もえぎ野16番地,被災した住民の避難生活の場所、情報受伝達、備蓄機能を備えた拠点です。,"神奈川県/横浜市/青葉区/もえぎ野/１６番地","139.52345","35.54825","5","7"
元石川小学校,青葉区,美しが丘四丁目31番1号,神奈川県横浜市青葉区美しが丘四丁目31番1号,被災した住民の避難生活の場所、情報受伝達、備蓄機能を備えた拠点です。,"神奈川県/横浜市/青葉区/美しが丘/四丁目/３１番地","139.54842","35.58290","5","7"
藤が丘小学校,青葉区,藤が丘二丁目30番3号,神奈川県横浜市青葉区藤が丘二丁目30番3号,被災した住民の避難生活の場所、情報受伝達、備蓄機能を備えた拠点です。,"神奈川県/横浜市/青葉区/藤が丘/二丁目/３０番地","139.52591","35.53935","5","7"
みたけ台小学校,青葉区,みたけ台18番地,神奈川県横浜市青葉区みたけ台18番地,被災した住民の避難生活の場所、情報受伝達、備蓄機能を備えた拠点です。,"神奈川県/横浜市/青葉区/みたけ台/１８番地","139.51727","35.55633","5","7"
美しが丘東小学校,青葉区,美しが丘二丁目25番,神奈川県横浜市青葉区美しが丘二丁目25番,被災した住民の避難生活の場所、情報受伝達、備蓄機能を備えた拠点です。,"神奈川県/横浜市/青葉区/美しが丘/二丁目/２５番地","139.55991","35.58274","5","7"
市ケ尾小学校,青葉区,市ケ尾町1632番地1,神奈川県横浜市青葉区市ケ尾町1632番地1,被災した住民の避難生活の場所、情報受伝達、備蓄機能を備えた拠点です。,"神奈川県/横浜市/青葉区/市ケ尾町/１６３２番地","139.53993","35.55600","5","7"
あざみ野第一小学校,青葉区,あざみ野四丁目6番1号,神奈川県横浜市青葉区あざみ野四丁目6番1号,被災した住民の避難生活の場所、情報受伝達、備蓄機能を備えた拠点です。,"神奈川県/横浜市/青葉区/あざみ野/四丁目/６番地","139.54259","35.57171","5","7"
嶮山小学校,青葉区,すすき野一丁目6番4号,神奈川県横浜市青葉区すすき野一丁目6番4号,被災した住民の避難生活の場所、情報受伝達、備蓄機能を備えた拠点です。,"神奈川県/横浜市/青葉区/すすき野/一丁目/６番地","139.53044","35.57599","5","7"
東市ケ尾小学校,青葉区,市ケ尾町519番地,神奈川県横浜市青葉区市ケ尾町519番地,被災した住民の避難生活の場所、情報受伝達、備蓄機能を備えた拠点です。,"神奈川県/横浜市/青葉区/市ケ尾町/５１９番地","139.54642","35.54305","5","7"
鴨志田第一小学校,青葉区,鴨志田町805番地6,神奈川県横浜市青葉区鴨志田町805番地6,被災した住民の避難生活の場所、情報受伝達、備蓄機能を備えた拠点です。,"神奈川県/横浜市/青葉区/鴨志田町/８０５番地","139.50949","35.55735","5","7"
あざみ野第二小学校,青葉区,あざみ野三丁目29番3号,神奈川県横浜市青葉区あざみ野三丁目29番3号,被災した住民の避難生活の場所、情報受伝達、備蓄機能を備えた拠点です。,"神奈川県/横浜市/青葉区/あざみ野/三丁目/２９番地","139.54181","35.56417","5","7"
鴨志田緑小学校,青葉区,鴨志田町532番地,神奈川県横浜市青葉区鴨志田町532番地,被災した住民の避難生活の場所、情報受伝達、備蓄機能を備えた拠点です。,"神奈川県/横浜市/青葉区/鴨志田町/５３２番地","139.50505","35.56420","5","7"
荏子田小学校,青葉区,荏子田三丁目8番9号,神奈川県横浜市青葉区荏子田三丁目8番9号,被災した住民の避難生活の場所、情報受伝達、備蓄機能を備えた拠点です。,"神奈川県/横浜市/青葉区/荏子田/三丁目/８番地","139.53511","35.57473","5","7"
恩田小学校,青葉区,桂台二丁目36番,神奈川県横浜市青葉区桂台二丁目36番,被災した住民の避難生活の場所、情報受伝達、備蓄機能を備えた拠点です。,"神奈川県/横浜市/青葉区/桂台/二丁目/３６番地","139.49971","35.55235","5","7"
新石川小学校,青葉区,新石川三丁目12番1号,神奈川県横浜市青葉区新石川三丁目12番1号,被災した住民の避難生活の場所、情報受伝達、備蓄機能を備えた拠点です。,"神奈川県/横浜市/青葉区/新石川/三丁目/１２番地","139.56218","35.57639","5","7"
さつきが丘小学校,青葉区,さつきが丘8番地,神奈川県横浜市青葉区さつきが丘8番地,被災した住民の避難生活の場所、情報受伝達、備蓄機能を備えた拠点です。,"神奈川県/横浜市/青葉区/さつきが丘/８番地","139.51926","35.53201","5","7"
荏田西小学校,青葉区,荏田西四丁目5番1号,神奈川県横浜市青葉区荏田西四丁目5番1号,被災した住民の避難生活の場所、情報受伝達、備蓄機能を備えた拠点です。,"神奈川県/横浜市/青葉区/荏田西/四丁目/５番地","139.54906","35.54743","5","7"
桂小学校,青葉区,桂台一丁目4番,神奈川県横浜市青葉区桂台一丁目4番,被災した住民の避難生活の場所、情報受伝達、備蓄機能を備えた拠点です。,"神奈川県/横浜市/青葉区/桂台/一丁目/４番地","139.50534","35.54849","5","7"
奈良の丘小学校,青葉区,奈良二丁目29番1号,神奈川県横浜市青葉区奈良二丁目29番1号,被災した住民の避難生活の場所、情報受伝達、備蓄機能を備えた拠点です。,"神奈川県/横浜市/青葉区/奈良/二丁目/２９番","139.48676","35.55131","5","7"
山内中学校,青葉区,美しが丘五丁目4番,神奈川県横浜市青葉区美しが丘五丁目4番,被災した住民の避難生活の場所、情報受伝達、備蓄機能を備えた拠点です。,"神奈川県/横浜市/青葉区/美しが丘/五丁目/４番地","139.55231","35.57645","5","7"
谷本中学校,青葉区,梅が丘5番地,神奈川県横浜市青葉区梅が丘5番地,被災した住民の避難生活の場所、情報受伝達、備蓄機能を備えた拠点です。,"神奈川県/横浜市/青葉区/梅が丘/５番地","139.52234","35.53700","5","7"
青葉台中学校,青葉区,青葉台二丁目25番2号,神奈川県横浜市青葉区青葉台二丁目25番2号,被災した住民の避難生活の場所、情報受伝達、備蓄機能を備えた拠点です。,"神奈川県/横浜市/青葉区/青葉台/二丁目/２５番地","139.51538","35.54721","5","7"
みたけ台中学校,青葉区,みたけ台30番地,神奈川県横浜市青葉区みたけ台30番地,被災した住民の避難生活の場所、情報受伝達、備蓄機能を備えた拠点です。,"神奈川県/横浜市/青葉区/みたけ台/３０番地","139.52153","35.55684","5","7"
美しが丘中学校,青葉区,美しが丘三丁目41番1号,神奈川県横浜市青葉区美しが丘三丁目41番1号,被災した住民の避難生活の場所、情報受伝達、備蓄機能を備えた拠点です。,"神奈川県/横浜市/青葉区/美しが丘/三丁目/４１番地","139.55144","35.58767","5","7"
緑が丘中学校,青葉区,千草台50番地1,神奈川県横浜市青葉区千草台50番地1,被災した住民の避難生活の場所、情報受伝達、備蓄機能を備えた拠点です。,"神奈川県/横浜市/青葉区/千草台/５０番地","139.53648","35.53580","5","7"
奈良中学校,青葉区,すみよし台36番地3,神奈川県横浜市青葉区すみよし台36番地3,被災した住民の避難生活の場所、情報受伝達、備蓄機能を備えた拠点です。,"神奈川県/横浜市/青葉区/すみよし台/３６番地","139.49377","35.55734","5","7"
あざみ野中学校,青葉区,あざみ野一丁目29番1号,神奈川県横浜市青葉区あざみ野一丁目29番1号,被災した住民の避難生活の場所、情報受伝達、備蓄機能を備えた拠点です。,"神奈川県/横浜市/青葉区/あざみ野/一丁目/２９番地","139.54712","35.57223","5","7"
黒須田小学校,青葉区,黒須田34番地1,神奈川県横浜市青葉区黒須田34番地1,被災した住民の避難生活の場所、情報受伝達、備蓄機能を備えた拠点です。,"神奈川県/横浜市/青葉区/黒須田/３４番地","139.53304","35.56822","5","7"
あかね台中学校,青葉区,あかね台二丁目8番2号,神奈川県横浜市青葉区あかね台二丁目8番2号,被災した住民の避難生活の場所、情報受伝達、備蓄機能を備えた拠点です。,"神奈川県/横浜市/青葉区/あかね台/二丁目/８番","139.48520","35.54162","5","7"
美しが丘西小学校,青葉区,美しが丘西二丁目48番1号,神奈川県横浜市青葉区美しが丘西二丁目48番1号,被災した住民の避難生活の場所、情報受伝達、備蓄機能を備えた拠点です。,"神奈川県/横浜市/青葉区/美しが丘西/二丁目/４８番","139.53429","35.59048","5","7"
中川小学校,都筑区,牛久保東二丁目21番1号,神奈川県横浜市都筑区牛久保東二丁目21番1号,被災した住民の避難生活の場所、情報受伝達、備蓄機能を備えた拠点です。,"神奈川県/横浜市/都筑区/牛久保東/二丁目/２１番","139.58789","35.55058","5","7"
山田小学校,都筑区,東山田三丁目29番1号,神奈川県横浜市都筑区東山田三丁目29番1号,被災した住民の避難生活の場所、情報受伝達、備蓄機能を備えた拠点です。,"神奈川県/横浜市/都筑区/東山田/三丁目/２９番","139.60298","35.55965","5","7"
勝田小学校,都筑区,勝田町266番地,神奈川県横浜市都筑区勝田町266番地,被災した住民の避難生活の場所、情報受伝達、備蓄機能を備えた拠点です。,"神奈川県/横浜市/都筑区/勝田町/２６６番地","139.59503","35.54358","5","7"
すみれが丘小学校,都筑区,すみれが丘34番地,神奈川県横浜市都筑区すみれが丘34番地,被災した住民の避難生活の場所、情報受伝達、備蓄機能を備えた拠点です。,"神奈川県/横浜市/都筑区/すみれが丘/３４番地","139.58015","35.56602","5","7"
茅ケ崎小学校,都筑区,茅ケ崎南一丁目11番1号,神奈川県横浜市都筑区茅ケ崎南一丁目11番1号,被災した住民の避難生活の場所、情報受伝達、備蓄機能を備えた拠点です。,"神奈川県/横浜市/都筑区/茅ケ崎南/一丁目/１１番","139.58040","35.54060","5","7"
中川西小学校,都筑区,中川一丁目3番1号,神奈川県横浜市都筑区中川一丁目3番1号,被災した住民の避難生活の場所、情報受伝達、備蓄機能を備えた拠点です。,"神奈川県/横浜市/都筑区/中川/一丁目/３番","139.56914","35.56033","5","7"
都田小学校,都筑区,池辺町2831番地,神奈川県横浜市都筑区池辺町2831番地,被災した住民の避難生活の場所、情報受伝達、備蓄機能を備えた拠点です。,"神奈川県/横浜市/都筑区/池辺町/２８３１番地","139.57062","35.52262","5","7"
川和小学校,都筑区,川和町1463番地,神奈川県横浜市都筑区川和町1463番地,被災した住民の避難生活の場所、情報受伝達、備蓄機能を備えた拠点です。,"神奈川県/横浜市/都筑区/川和町/１４６３番地","139.54739","35.52941","5","7"
折本小学校,都筑区,折本町1321番地,神奈川県横浜市都筑区折本町1321番地,被災した住民の避難生活の場所、情報受伝達、備蓄機能を備えた拠点です。,"神奈川県/横浜市/都筑区/折本町/１３２１番地","139.59464","35.52794","5","7"
荏田小学校,都筑区,荏田南町694番地,神奈川県横浜市都筑区荏田南町694番地,被災した住民の避難生活の場所、情報受伝達、備蓄機能を備えた拠点です。,"神奈川県/横浜市/都筑区/荏田南町/６９４番地","139.56396","35.55752","5","7"
都田西小学校,都筑区,池辺町2452番地1,神奈川県横浜市都筑区池辺町2452番地1,被災した住民の避難生活の場所、情報受伝達、備蓄機能を備えた拠点です。,"神奈川県/横浜市/都筑区/池辺町/２４５２番地","139.56339","35.52153","5","7"
荏田東第一小学校,都筑区,荏田東三丁目5番1号,神奈川県横浜市都筑区荏田東三丁目5番1号,被災した住民の避難生活の場所、情報受伝達、備蓄機能を備えた拠点です。,"神奈川県/横浜市/都筑区/荏田東/三丁目/５番","139.56256","35.54696","5","7"
荏田南小学校,都筑区,荏田南二丁目5番2号,神奈川県横浜市都筑区荏田南二丁目5番2号,被災した住民の避難生活の場所、情報受伝達、備蓄機能を備えた拠点です。,"神奈川県/横浜市/都筑区/荏田南/二丁目/５番","139.55673","35.54395","5","7"
茅ケ崎台小学校,都筑区,長坂13番地1,神奈川県横浜市都筑区長坂13番地1,被災した住民の避難生活の場所、情報受伝達、備蓄機能を備えた拠点です。,"神奈川県/横浜市/都筑区/長坂/１３番","139.57083","35.53796","5","7"
川和東小学校,都筑区,富士見が丘21番地2,神奈川県横浜市都筑区富士見が丘21番地2,被災した住民の避難生活の場所、情報受伝達、備蓄機能を備えた拠点です。,"神奈川県/横浜市/都筑区/富士見が丘/２１番","139.55725","35.53149","5","7"
北山田小学校,都筑区,北山田五丁目14番1号,神奈川県横浜市都筑区北山田五丁目14番1号,被災した住民の避難生活の場所、情報受伝達、備蓄機能を備えた拠点です。,"神奈川県/横浜市/都筑区/北山田/五丁目/１４番","139.58592","35.56483","5","7"
都筑小学校,都筑区,中川六丁目2番1号,神奈川県横浜市都筑区中川六丁目2番1号,被災した住民の避難生活の場所、情報受伝達、備蓄機能を備えた拠点です。,"神奈川県/横浜市/都筑区/中川/六丁目/２番","139.57486","35.55669","5","7"
南山田小学校,都筑区,南山田二丁目27番1号,神奈川県横浜市都筑区南山田二丁目27番1号,被災した住民の避難生活の場所、情報受伝達、備蓄機能を備えた拠点です。,"神奈川県/横浜市/都筑区/南山田/二丁目/２７番","139.58913","35.55735","5","7"
つづきの丘小学校,都筑区,荏田東一丁目22番1号,神奈川県横浜市都筑区荏田東一丁目22番1号,被災した住民の避難生活の場所、情報受伝達、備蓄機能を備えた拠点です。,"神奈川県/横浜市/都筑区/荏田東/一丁目/２２番","139.56593","35.54568","5","7"
東山田小学校,都筑区,東山田一丁目4番1号,神奈川県横浜市都筑区東山田一丁目4番1号,被災した住民の避難生活の場所、情報受伝達、備蓄機能を備えた拠点です。,"神奈川県/横浜市/都筑区/東山田/一丁目/４番","139.59637","35.56447","5","7"
茅ケ崎東小学校,都筑区,茅ケ崎東二丁目11番1号,神奈川県横浜市都筑区茅ケ崎東二丁目11番1号,被災した住民の避難生活の場所、情報受伝達、備蓄機能を備えた拠点です。,"神奈川県/横浜市/都筑区/茅ケ崎東/二丁目/１１番","139.58104","35.54283","5","7"
中川中学校,都筑区,大棚町240番地,神奈川県横浜市都筑区大棚町240番地,被災した住民の避難生活の場所、情報受伝達、備蓄機能を備えた拠点です。,"神奈川県/横浜市/都筑区/大棚町/２４０番地","139.59381","35.55149","5","7"
茅ケ崎中学校,都筑区,茅ケ崎南一丁目10番1号,神奈川県横浜市都筑区茅ケ崎南一丁目10番1号,被災した住民の避難生活の場所、情報受伝達、備蓄機能を備えた拠点です。,"神奈川県/横浜市/都筑区/茅ケ崎南/一丁目/１０番","139.58205","35.54076","5","7"
中川西中学校,都筑区,中川二丁目1番1号,神奈川県横浜市都筑区中川二丁目1番1号,被災した住民の避難生活の場所、情報受伝達、備蓄機能を備えた拠点です。,"神奈川県/横浜市/都筑区/中川/二丁目/１番","139.56549","35.56206","5","7"
都田中学校,都筑区,池辺町2818番地,神奈川県横浜市都筑区池辺町2818番地,被災した住民の避難生活の場所、情報受伝達、備蓄機能を備えた拠点です。,"神奈川県/横浜市/都筑区/池辺町/２８１８番地","139.57062","35.52262","5","7"
川和中学校,都筑区,富士見が丘21番地1,神奈川県横浜市都筑区富士見が丘21番地1,被災した住民の避難生活の場所、情報受伝達、備蓄機能を備えた拠点です。,"神奈川県/横浜市/都筑区/富士見が丘/２１番","139.55725","35.53149","5","7"
牛久保小学校,都筑区,牛久保一丁目23番,神奈川県横浜市都筑区牛久保一丁目23番,被災した住民の避難生活の場所、情報受伝達、備蓄機能を備えた拠点です。,"神奈川県/横浜市/都筑区/牛久保/一丁目/２３番","139.58208","35.55934","5","7"
境木小学校,戸塚区,平戸三丁目48番2号,神奈川県横浜市戸塚区平戸三丁目48番2号,被災した住民の避難生活の場所、情報受伝達、備蓄機能を備えた拠点です。,"神奈川県/横浜市/戸塚区/平戸/三丁目/４８番","139.56898","35.43657","5","7"
戸塚小学校,戸塚区,戸塚町132番地,神奈川県横浜市戸塚区戸塚町132番地,被災した住民の避難生活の場所、情報受伝達、備蓄機能を備えた拠点です。,"神奈川県/横浜市/戸塚区/戸塚町/１３２番地","139.53246","35.39727","5","7"
汲沢小学校,戸塚区,汲沢三丁目6番1号,神奈川県横浜市戸塚区汲沢三丁目6番1号,被災した住民の避難生活の場所、情報受伝達、備蓄機能を備えた拠点です。,"神奈川県/横浜市/戸塚区/汲沢/三丁目/６番","139.51407","35.39750","5","7"
東戸塚小学校,戸塚区,吉田町88番地,神奈川県横浜市戸塚区吉田町88番地,被災した住民の避難生活の場所、情報受伝達、備蓄機能を備えた拠点です。,"神奈川県/横浜市/戸塚区/吉田町/８８番地","139.53786","35.40146","5","7"
大正小学校,戸塚区,原宿四丁目17番1号,神奈川県横浜市戸塚区原宿四丁目17番1号,被災した住民の避難生活の場所、情報受伝達、備蓄機能を備えた拠点です。,"神奈川県/横浜市/戸塚区/原宿/四丁目/１７番","139.50325","35.37952","5","7"
小雀小学校,戸塚区,小雀町1845番地,神奈川県横浜市戸塚区小雀町1845番地,被災した住民の避難生活の場所、情報受伝達、備蓄機能を備えた拠点です。,"神奈川県/横浜市/戸塚区/小雀町/１８４５番地","139.51166","35.37686","5","7"
矢部小学校,戸塚区,矢部町1698番地,神奈川県横浜市戸塚区矢部町1698番地,被災した住民の避難生活の場所、情報受伝達、備蓄機能を備えた拠点です。,"神奈川県/横浜市/戸塚区/矢部町/１６９８番地","139.52357","35.40728","5","7"
深谷台小学校,戸塚区,深谷町1312番地1,神奈川県横浜市戸塚区深谷町1312番地1,被災した住民の避難生活の場所、情報受伝達、備蓄機能を備えた拠点です。,"神奈川県/横浜市/戸塚区/深谷町/１３１２番地","139.49767","35.38637","5","7"
川上小学校,戸塚区,秋葉町203番地2,神奈川県横浜市戸塚区秋葉町203番地2,被災した住民の避難生活の場所、情報受伝達、備蓄機能を備えた拠点です。,"神奈川県/横浜市/戸塚区/秋葉町/２０３番地","139.54536","35.42636","5","7"
柏尾小学校,戸塚区,柏尾町1317番地,神奈川県横浜市戸塚区柏尾町1317番地,被災した住民の避難生活の場所、情報受伝達、備蓄機能を備えた拠点です。,"神奈川県/横浜市/戸塚区/柏尾町/１３１７番地","139.55156","35.41520","5","7"
川上北小学校,戸塚区,川上町63番地1,神奈川県横浜市戸塚区川上町63番地1,被災した住民の避難生活の場所、情報受伝達、備蓄機能を備えた拠点です。,"神奈川県/横浜市/戸塚区/川上町/６３番地","139.55431","35.42893","5","7"
深谷小学校,戸塚区,深谷町1688番地2,神奈川県横浜市戸塚区深谷町1688番地2,被災した住民の避難生活の場所、情報受伝達、備蓄機能を備えた拠点です。,"神奈川県/横浜市/戸塚区/深谷町/１６８８番地","139.50232","35.39090","5","7"
南戸塚小学校,戸塚区,戸塚町2790番地3,神奈川県横浜市戸塚区戸塚町2790番地3,被災した住民の避難生活の場所、情報受伝達、備蓄機能を備えた拠点です。,"神奈川県/横浜市/戸塚区/戸塚町/２７９０番地","139.52640","35.38706","5","7"
平戸小学校,戸塚区,平戸町542番地,神奈川県横浜市戸塚区平戸町542番地,被災した住民の避難生活の場所、情報受伝達、備蓄機能を備えた拠点です。,"神奈川県/横浜市/戸塚区/平戸町/５４２番地","139.56326","35.42569","5","7"
東汲沢小学校,戸塚区,汲沢一丁目16番1号,神奈川県横浜市戸塚区汲沢一丁目16番1号,被災した住民の避難生活の場所、情報受伝達、備蓄機能を備えた拠点です。,"神奈川県/横浜市/戸塚区/汲沢/一丁目/１６番","139.52126","35.39934","5","7"
名瀬小学校,戸塚区,名瀬町776番地,神奈川県横浜市戸塚区名瀬町776番地,被災した住民の避難生活の場所、情報受伝達、備蓄機能を備えた拠点です。,"神奈川県/横浜市/戸塚区/名瀬町/７７６番地","139.54129","35.43125","5","7"
俣野小学校,戸塚区,俣野町371番地,神奈川県横浜市戸塚区俣野町371番地,被災した住民の避難生活の場所、情報受伝達、備蓄機能を備えた拠点です。,"神奈川県/横浜市/戸塚区/俣野町/３７１番地","139.49622","35.37880","5","7"
平戸台小学校,戸塚区,平戸町1165番地,神奈川県横浜市戸塚区平戸町1165番地,被災した住民の避難生活の場所、情報受伝達、備蓄機能を備えた拠点です。,"神奈川県/横浜市/戸塚区/平戸町/１１６５番地","139.56798","35.42320","5","7"
鳥が丘小学校,戸塚区,鳥が丘53番地,神奈川県横浜市戸塚区鳥が丘53番地,被災した住民の避難生活の場所、情報受伝達、備蓄機能を備えた拠点です。,"神奈川県/横浜市/戸塚区/鳥が丘/５３番地","139.52260","35.41115","5","7"
南舞岡小学校,戸塚区,南舞岡四丁目15番1号,神奈川県横浜市戸塚区南舞岡四丁目15番1号,被災した住民の避難生活の場所、情報受伝達、備蓄機能を備えた拠点です。,"神奈川県/横浜市/戸塚区/南舞岡/四丁目/１５番","139.55431","35.38930","5","7"
上矢部小学校,戸塚区,上矢部町1463番地4,神奈川県横浜市戸塚区上矢部町1463番地4,被災した住民の避難生活の場所、情報受伝達、備蓄機能を備えた拠点です。,"神奈川県/横浜市/戸塚区/上矢部町/１４６３番地","139.52849","35.42357","5","7"
品濃小学校,戸塚区,品濃町504番地1,神奈川県横浜市戸塚区品濃町504番地1,被災した住民の避難生活の場所、情報受伝達、備蓄機能を備えた拠点です。,"神奈川県/横浜市/戸塚区/品濃町/５０４番地","139.55742","35.42567","5","7"
秋葉小学校,戸塚区,秋葉町392番地1,神奈川県横浜市戸塚区秋葉町392番地1,被災した住民の避難生活の場所、情報受伝達、備蓄機能を備えた拠点です。,"神奈川県/横浜市/戸塚区/秋葉町/３９２番地","139.54504","35.42109","5","7"
東俣野小学校,戸塚区,東俣野町1103番地1,神奈川県横浜市戸塚区東俣野町1103番地1,被災した住民の避難生活の場所、情報受伝達、備蓄機能を備えた拠点です。,"神奈川県/横浜市/戸塚区/東俣野町/１１０３番地","139.49605","35.36778","5","7"
舞岡小学校,戸塚区,舞岡町534番地,神奈川県横浜市戸塚区舞岡町534番地,被災した住民の避難生活の場所、情報受伝達、備蓄機能を備えた拠点です。,"神奈川県/横浜市/戸塚区/舞岡町/５３４番地","139.55106","35.40733","5","7"
倉田小学校,戸塚区,上倉田町1426番地6,神奈川県横浜市戸塚区上倉田町1426番地6,被災した住民の避難生活の場所、情報受伝達、備蓄機能を備えた拠点です。,"神奈川県/横浜市/戸塚区/上倉田町/１４２６番地","139.54028","35.38926","5","7"
東品濃小学校,戸塚区,品濃町559番地,神奈川県横浜市戸塚区品濃町559番地,被災した住民の避難生活の場所、情報受伝達、備蓄機能を備えた拠点です。,"神奈川県/横浜市/戸塚区/品濃町/５５９番地","139.56059","35.43423","5","7"
下郷小学校,戸塚区,戸塚町2447番地2,神奈川県横浜市戸塚区戸塚町2447番地2,被災した住民の避難生活の場所、情報受伝達、備蓄機能を備えた拠点です。,"神奈川県/横浜市/戸塚区/戸塚町/２４４７番地","139.52425","35.38647","5","7"
境木中学校,戸塚区,平戸三丁目48番2号,神奈川県横浜市戸塚区平戸三丁目48番2号,被災した住民の避難生活の場所、情報受伝達、備蓄機能を備えた拠点です。,"神奈川県/横浜市/戸塚区/平戸/三丁目/４８番","139.56898","35.43657","5","7"
戸塚中学校,戸塚区,戸塚町4542番地,神奈川県横浜市戸塚区戸塚町4542番地,被災した住民の避難生活の場所、情報受伝達、備蓄機能を備えた拠点です。,"神奈川県/横浜市/戸塚区/戸塚町/４５４２番地","139.52328","35.40125","5","7"
大正中学校,戸塚区,原宿四丁目12番1号,神奈川県横浜市戸塚区原宿四丁目12番1号,被災した住民の避難生活の場所、情報受伝達、備蓄機能を備えた拠点です。,"神奈川県/横浜市/戸塚区/原宿/四丁目/１２番","139.50320","35.37800","5","7"
舞岡中学校,戸塚区,舞岡町226番地,神奈川県横浜市戸塚区舞岡町226番地,被災した住民の避難生活の場所、情報受伝達、備蓄機能を備えた拠点です。,"神奈川県/横浜市/戸塚区/舞岡町/２２６番地","139.54483","35.40879","5","7"
豊田中学校,戸塚区,下倉田町950番地,神奈川県横浜市戸塚区下倉田町950番地,被災した住民の避難生活の場所、情報受伝達、備蓄機能を備えた拠点です。,"神奈川県/横浜市/戸塚区/下倉田町/９５０番地","139.54192","35.38185","5","7"
汲沢中学校,戸塚区,汲沢町550番地2,神奈川県横浜市戸塚区汲沢町550番地2,被災した住民の避難生活の場所、情報受伝達、備蓄機能を備えた拠点です。,"神奈川県/横浜市/戸塚区/汲沢町/５５０番地","139.50769","35.39823","5","7"
名瀬中学校,戸塚区,名瀬町791番地6,神奈川県横浜市戸塚区名瀬町791番地6,被災した住民の避難生活の場所、情報受伝達、備蓄機能を備えた拠点です。,"神奈川県/横浜市/戸塚区/名瀬町/７９１番地","139.54254","35.43213","5","7"
南戸塚中学校,戸塚区,戸塚町1842番地1,神奈川県横浜市戸塚区戸塚町1842番地1,被災した住民の避難生活の場所、情報受伝達、備蓄機能を備えた拠点です。,"神奈川県/横浜市/戸塚区/戸塚町/１８４２番地","139.51843","35.38073","5","7"
本郷小学校,栄区,中野町16番地1,神奈川県横浜市栄区中野町16番地1,被災した住民の避難生活の場所、情報受伝達、備蓄機能を備えた拠点です。,"神奈川県/横浜市/栄区/中野町/１６番地","139.56139","35.36293","5","7"
豊田小学校,栄区,長沼町125番地4,神奈川県横浜市栄区長沼町125番地4,被災した住民の避難生活の場所、情報受伝達、備蓄機能を備えた拠点です。,"神奈川県/横浜市/栄区/長沼町/１２５番地","139.53575","35.38228","5","7"
千秀小学校,栄区,田谷町1832番地,神奈川県横浜市栄区田谷町1832番地,被災した住民の避難生活の場所、情報受伝達、備蓄機能を備えた拠点です。,"神奈川県/横浜市/栄区/田谷町/１８３２番地","139.52046","35.37114","5","7"
飯島小学校,栄区,飯島町771番地2,神奈川県横浜市栄区飯島町771番地2,被災した住民の避難生活の場所、情報受伝達、備蓄機能を備えた拠点です。,"神奈川県/横浜市/栄区/飯島町/７７１番地","139.53491","35.37289","5","7"
桂台小学校,栄区,桂台南一丁目1番1号,神奈川県横浜市栄区桂台南一丁目1番1号,被災した住民の避難生活の場所、情報受伝達、備蓄機能を備えた拠点です。,"神奈川県/横浜市/栄区/桂台南/一丁目/１番","139.56389","35.35236","5","7"
西本郷小学校,栄区,小菅ケ谷二丁目22番1号,神奈川県横浜市栄区小菅ケ谷二丁目22番1号,被災した住民の避難生活の場所、情報受伝達、備蓄機能を備えた拠点です。,"神奈川県/横浜市/栄区/小菅ケ谷/二丁目/２２番","139.54196","35.36555","5","7"
旧・野七里小学校,栄区,野七里二丁目3番1号,神奈川県横浜市栄区野七里二丁目3番1号,被災した住民の避難生活の場所、情報受伝達、備蓄機能を備えた拠点です。,"神奈川県/横浜市/栄区/野七里/二丁目/３番","139.57938","35.34613","5","7"
本郷台小学校,栄区,本郷台一丁目6番1号,神奈川県横浜市栄区本郷台一丁目6番1号,被災した住民の避難生活の場所、情報受伝達、備蓄機能を備えた拠点です。,"神奈川県/横浜市/栄区/本郷台/一丁目/６番","139.54915","35.37116","5","7"
上郷小学校,栄区,犬山町6番地1,神奈川県横浜市栄区犬山町6番地1,被災した住民の避難生活の場所、情報受伝達、備蓄機能を備えた拠点です。,"神奈川県/横浜市/栄区/犬山町/６番","139.57234","35.35814","5","7"
小菅ケ谷小学校,栄区,本郷台四丁目31番1号,神奈川県横浜市栄区本郷台四丁目31番1号,被災した住民の避難生活の場所、情報受伝達、備蓄機能を備えた拠点です。,"神奈川県/横浜市/栄区/本郷台/四丁目/３１番","139.54836","35.37702","5","7"
公田小学校,栄区,公田町354番地3,神奈川県横浜市栄区公田町354番地3,被災した住民の避難生活の場所、情報受伝達、備蓄機能を備えた拠点です。,"神奈川県/横浜市/栄区/公田町/３５４番地","139.55312","35.35637","5","7"
庄戸小学校,栄区,庄戸一丁目15番1号,神奈川県横浜市栄区庄戸一丁目15番1号,被災した住民の避難生活の場所、情報受伝達、備蓄機能を備えた拠点です。,"神奈川県/横浜市/栄区/庄戸/一丁目/１５番","139.58446","35.35290","5","7"
小山台小学校,栄区,小山台一丁目15番1号,神奈川県横浜市栄区小山台一丁目15番1号,被災した住民の避難生活の場所、情報受伝達、備蓄機能を備えた拠点です。,"神奈川県/横浜市/栄区/小山台/一丁目/１５番","139.55779","35.38006","5","7"
笠間小学校,栄区,笠間三丁目28番1号,神奈川県横浜市栄区笠間三丁目28番1号,被災した住民の避難生活の場所、情報受伝達、備蓄機能を備えた拠点です。,"神奈川県/横浜市/栄区/笠間/三丁目/２８番","139.53192","35.36206","5","7"
桜井小学校,栄区,上郷町242番地2,神奈川県横浜市栄区上郷町242番地2,被災した住民の避難生活の場所、情報受伝達、備蓄機能を備えた拠点です。,"神奈川県/横浜市/栄区/上郷町/２４２番地","139.57249","35.36599","5","7"
本郷中学校,栄区,桂町84番地14,神奈川県横浜市栄区桂町84番地14,被災した住民の避難生活の場所、情報受伝達、備蓄機能を備えた拠点です。,"神奈川県/横浜市/栄区/桂町/８４番地","139.54938","35.36348","5","7"
桂台中学校,栄区,桂台中5番地1,神奈川県横浜市栄区桂台中5番地1,被災した住民の避難生活の場所、情報受伝達、備蓄機能を備えた拠点です。,"神奈川県/横浜市/栄区/桂台中/５番","139.56493","35.35399","5","7"
西本郷中学校,栄区,小菅ケ谷一丁目29番1号,神奈川県横浜市栄区小菅ケ谷一丁目29番1号,被災した住民の避難生活の場所、情報受伝達、備蓄機能を備えた拠点です。,"神奈川県/横浜市/栄区/小菅ケ谷/一丁目/２９番","139.54221","35.36312","5","7"
飯島中学校,栄区,飯島町746番地1,神奈川県横浜市栄区飯島町746番地1,被災した住民の避難生活の場所、情報受伝達、備蓄機能を備えた拠点です。,"神奈川県/横浜市/栄区/飯島町/７４６番地","139.53159","35.37546","5","7"
庄戸中学校,栄区,庄戸三丁目1番1号,神奈川県横浜市栄区庄戸三丁目1番1号,被災した住民の避難生活の場所、情報受伝達、備蓄機能を備えた拠点です。,"神奈川県/横浜市/栄区/庄戸/三丁目/１番","139.58514","35.35201","5","7"
中和田小学校,泉区,和泉町3721番地,神奈川県横浜市泉区和泉町3721番地,被災した住民の避難生活の場所、情報受伝達、備蓄機能を備えた拠点です。,"神奈川県/横浜市/泉区/和泉町/３７２１番地","139.49084","35.41554","5","7"
中田小学校,泉区,中田南四丁目4番1号,神奈川県横浜市泉区中田南四丁目4番1号,被災した住民の避難生活の場所、情報受伝達、備蓄機能を備えた拠点です。,"神奈川県/横浜市/泉区/中田南/四丁目/４番","139.50786","35.41049","5","7"
岡津小学校,泉区,岡津町2311番地,神奈川県横浜市泉区岡津町2311番地,被災した住民の避難生活の場所、情報受伝達、備蓄機能を備えた拠点です。,"神奈川県/横浜市/泉区/岡津町/２３１１番地","139.52356","35.42840","5","7"
下和泉小学校,泉区,和泉町1436番地,神奈川県横浜市泉区和泉町1436番地,被災した住民の避難生活の場所、情報受伝達、備蓄機能を備えた拠点です。,"神奈川県/横浜市/泉区/和泉町/１４３６番地","139.49249","35.40081","5","7"
中和田南小学校,泉区,和泉町987番地,神奈川県横浜市泉区和泉町987番地,被災した住民の避難生活の場所、情報受伝達、備蓄機能を備えた拠点です。,"神奈川県/横浜市/泉区/和泉町/９８７番地","139.48433","35.39784","5","7"
上飯田小学校,泉区,上飯田町1331番地,神奈川県横浜市泉区上飯田町1331番地,被災した住民の避難生活の場所、情報受伝達、備蓄機能を備えた拠点です。,"神奈川県/横浜市/泉区/上飯田町/１３３１番地","139.48058","35.42643","5","7"
東中田小学校,泉区,中田東四丁目43番1号,神奈川県横浜市泉区中田東四丁目43番1号,被災した住民の避難生活の場所、情報受伝達、備蓄機能を備えた拠点です。,"神奈川県/横浜市/泉区/中田東/四丁目/４３番","139.51164","35.41726","5","7"
新橋小学校,泉区,新橋町909番地,神奈川県横浜市泉区新橋町909番地,被災した住民の避難生活の場所、情報受伝達、備蓄機能を備えた拠点です。,"神奈川県/横浜市/泉区/新橋町/９０９番地","139.50639","35.43416","5","7"
和泉小学校,泉区,和泉町4320番地,神奈川県横浜市泉区和泉町4320番地,被災した住民の避難生活の場所、情報受伝達、備蓄機能を備えた拠点です。,"神奈川県/横浜市/泉区/和泉町/４３２０番地","139.49658","35.42264","5","7"
いちょう小学校,泉区,上飯田町3220番地4,神奈川県横浜市泉区上飯田町3220番地4,被災した住民の避難生活の場所、情報受伝達、備蓄機能を備えた拠点です。,"神奈川県/横浜市/泉区/上飯田町/３２２０番地","139.47534","35.43302","5","7"
葛野小学校,泉区,中田南五丁目15番1号,神奈川県横浜市泉区中田南五丁目15番1号,被災した住民の避難生活の場所、情報受伝達、備蓄機能を備えた拠点です。,"神奈川県/横浜市/泉区/中田南/五丁目/１５番","139.50851","35.40371","5","7"
いずみ野小学校,泉区,和泉町6211番地,神奈川県横浜市泉区和泉町6211番地,被災した住民の避難生活の場所、情報受伝達、備蓄機能を備えた拠点です。,"神奈川県/横浜市/泉区/和泉町/６２１１番地","139.49495","35.43487","5","7"
飯田北小学校,泉区,上飯田町3795番地,神奈川県横浜市泉区上飯田町3795番地,被災した住民の避難生活の場所、情報受伝達、備蓄機能を備えた拠点です。,"神奈川県/横浜市/泉区/上飯田町/３７９５番地","139.48177","35.43524","5","7"
伊勢山小学校,泉区,和泉町2868番地,神奈川県横浜市泉区和泉町2868番地,被災した住民の避難生活の場所、情報受伝達、備蓄機能を備えた拠点です。,"神奈川県/横浜市/泉区/和泉町/２８６８番地","139.49675","35.41059","5","7"
緑園東小学校,泉区,緑園五丁目28番,神奈川県横浜市泉区緑園五丁目28番,被災した住民の避難生活の場所、情報受伝達、備蓄機能を備えた拠点です。,"神奈川県/横浜市/泉区/緑園/五丁目/２８番","139.52628","35.44390","5","7"
緑園西小学校,泉区,緑園三丁目39番,神奈川県横浜市泉区緑園三丁目39番,被災した住民の避難生活の場所、情報受伝達、備蓄機能を備えた拠点です。,"神奈川県/横浜市/泉区/緑園/三丁目/３９番","139.51741","35.44067","5","7"
西が岡小学校,泉区,西が岡三丁目12番11号,神奈川県横浜市泉区西が岡三丁目12番11号,被災した住民の避難生活の場所、情報受伝達、備蓄機能を備えた拠点です。,"神奈川県/横浜市/泉区/西が岡/三丁目/１２番","139.51509","35.41985","5","7"
中和田中学校,泉区,和泉町4062番地,神奈川県横浜市泉区和泉町4062番地,被災した住民の避難生活の場所、情報受伝達、備蓄機能を備えた拠点です。,"神奈川県/横浜市/泉区/和泉町/４０６２番地","139.49796","35.41603","5","7"
中田中学校,泉区,中田北二丁目20番1号,神奈川県横浜市泉区中田北二丁目20番1号,被災した住民の避難生活の場所、情報受伝達、備蓄機能を備えた拠点です。,"神奈川県/横浜市/泉区/中田北/二丁目/２０番","139.50455","35.41490","5","7"
泉が丘中学校,泉区,和泉町2221番地,神奈川県横浜市泉区和泉町2221番地,被災した住民の避難生活の場所、情報受伝達、備蓄機能を備えた拠点です。,"神奈川県/横浜市/泉区/和泉町/２２２１番地","139.49213","35.40501","5","7"
上飯田中学校,泉区,上飯田町2254番地,神奈川県横浜市泉区上飯田町2254番地,被災した住民の避難生活の場所、情報受伝達、備蓄機能を備えた拠点です。,"神奈川県/横浜市/泉区/上飯田町/２２５４番地","139.48257","35.42992","5","7"
いずみ野中学校,泉区,和泉町6201番地,神奈川県横浜市泉区和泉町6201番地,被災した住民の避難生活の場所、情報受伝達、備蓄機能を備えた拠点です。,"神奈川県/横浜市/泉区/和泉町/６２０１番地","139.49797","35.43184","5","7"
領家中学校,泉区,領家四丁目3番1号,神奈川県横浜市泉区領家四丁目3番1号,被災した住民の避難生活の場所、情報受伝達、備蓄機能を備えた拠点です。,"神奈川県/横浜市/泉区/領家/四丁目/３番","139.52109","35.41526","5","7"
原小学校,瀬谷区,阿久和東四丁目33番1号,神奈川県横浜市瀬谷区阿久和東四丁目33番1号,被災した住民の避難生活の場所、情報受伝達、備蓄機能を備えた拠点です。,"神奈川県/横浜市/瀬谷区/阿久和東/四丁目/３３番","139.50067","35.44697","5","7"
上瀬谷小学校,瀬谷区,瀬谷町7140番地,神奈川県横浜市瀬谷区瀬谷町7140番地,被災した住民の避難生活の場所、情報受伝達、備蓄機能を備えた拠点です。,"神奈川県/横浜市/瀬谷区/瀬谷町/７１４０番地","139.47871","35.48895","5","7"
瀬谷小学校,瀬谷区,相沢四丁目1番1号,神奈川県横浜市瀬谷区相沢四丁目1番1号,被災した住民の避難生活の場所、情報受伝達、備蓄機能を備えた拠点です。,"神奈川県/横浜市/瀬谷区/相沢/四丁目/１番","139.48459","35.47256","5","7"
三ツ境小学校,瀬谷区,三ツ境157番地,神奈川県横浜市瀬谷区三ツ境157番地,被災した住民の避難生活の場所、情報受伝達、備蓄機能を備えた拠点です。,"神奈川県/横浜市/瀬谷区/三ツ境/１５７番地","139.49825","35.46090","5","7"
南瀬谷小学校,瀬谷区,南瀬谷一丁目1番1号,神奈川県横浜市瀬谷区南瀬谷一丁目1番1号,被災した住民の避難生活の場所、情報受伝達、備蓄機能を備えた拠点です。,"神奈川県/横浜市/瀬谷区/南瀬谷/一丁目/１番","139.48666","35.45697","5","7"
二つ橋小学校,瀬谷区,二ツ橋町507番地,神奈川県横浜市瀬谷区二ツ橋町507番地,被災した住民の避難生活の場所、情報受伝達、備蓄機能を備えた拠点です。,"神奈川県/横浜市/瀬谷区/二ツ橋町/５０７番地","139.49786","35.47238","5","7"
瀬谷第二小学校,瀬谷区,橋戸二丁目41番1号,神奈川県横浜市瀬谷区橋戸二丁目41番1号,被災した住民の避難生活の場所、情報受伝達、備蓄機能を備えた拠点です。,"神奈川県/横浜市/瀬谷区/橋戸/二丁目/４１番","139.48204","35.46033","5","7"
相沢小学校,瀬谷区,相沢二丁目56番1号,神奈川県横浜市瀬谷区相沢二丁目56番1号,被災した住民の避難生活の場所、情報受伝達、備蓄機能を備えた拠点です。,"神奈川県/横浜市/瀬谷区/相沢/二丁目/５６番","139.49028","35.47514","5","7"
大門小学校,瀬谷区,本郷三丁目47番5号,神奈川県横浜市瀬谷区本郷三丁目47番5号,被災した住民の避難生活の場所、情報受伝達、備蓄機能を備えた拠点です。,"神奈川県/横浜市/瀬谷区/本郷/三丁目/４７番地","139.47514","35.47129","5","7"
瀬谷さくら小学校,瀬谷区,下瀬谷三丁目58番1号,神奈川県横浜市瀬谷区下瀬谷三丁目58番1号,被災した住民の避難生活の場所、情報受伝達、備蓄機能を備えた拠点です。,"神奈川県/横浜市/瀬谷区/下瀬谷/三丁目/５８番","139.48138","35.45127","5","7"
県立横浜ひなたやま支援学校,瀬谷区,南瀬谷二丁目20番,神奈川県横浜市瀬谷区南瀬谷二丁目20番,被災した住民の避難生活の場所、情報受伝達、備蓄機能を備えた拠点です。,"神奈川県/横浜市/瀬谷区/南瀬谷/二丁目/２０番","139.48590","35.44576","5","7"
阿久和小学校,瀬谷区,阿久和南四丁目8番2号,神奈川県横浜市瀬谷区阿久和南四丁目8番2号,被災した住民の避難生活の場所、情報受伝達、備蓄機能を備えた拠点です。,"神奈川県/横浜市/瀬谷区/阿久和南/四丁目/８番","139.49854","35.43969","5","7"
瀬谷中学校,瀬谷区,中央5番地41,神奈川県横浜市瀬谷区中央5番地41,被災した住民の避難生活の場所、情報受伝達、備蓄機能を備えた拠点です。,"神奈川県/横浜市/瀬谷区/中央/５番","139.48126","35.47153","5","7"
原中学校,瀬谷区,阿久和西二丁目1番6号,神奈川県横浜市瀬谷区阿久和西二丁目1番6号,被災した住民の避難生活の場所、情報受伝達、備蓄機能を備えた拠点です。,"神奈川県/横浜市/瀬谷区/阿久和西/二丁目/１番","139.49812","35.45406","5","7"
南瀬谷中学校,瀬谷区,南台二丁目2番8号,神奈川県横浜市瀬谷区南台二丁目2番8号,被災した住民の避難生活の場所、情報受伝達、備蓄機能を備えた拠点です。,"神奈川県/横浜市/瀬谷区/南台/二丁目/２番","139.48523","35.45756","5","7"
